DATAFLOW,REF_AREA,MEASURE,UNIT_MEASURE,TRANSFORMATION,SEX,AGE,WORKER_STATUS,ACTIVITY,FREQ,TIME_PERIOD,OBS_VALUE,BASE_PER,OBS_STATUS,UNIT_MULT,DECIMALS
OECD.SDD.TPS:DSD_ALFS@DF_SUMTAB(1.0),JPN,EMP,PS,_Z,_T,Y_GE15,_Z,BTE,A,2012,15695.0,,A,3,0
OECD.SDD.TPS:DSD_ALFS@DF_SUMTAB(1.0),JPN,EMP,PS,_Z,_T,Y_GE15,_Z,BTE,A,2011,15389.17,,B,3,0
OECD.SDD.TPS:DSD_ALFS@DF_SUMTAB(1.0),EST,EMP,PS,_Z,_T,Y_GE15,_Z,BTE,A,2002,183.35,,A,3,0
OECD.SDD.TPS:DSD_ALFS@DF_SUMTAB(1.0),EST,EMP,PS,_Z,_T,Y_GE15,_Z,BTE,A,2003,192.95,,A,3,0
OECD.SDD.TPS:DSD_ALFS@DF_SUMTAB(1.0),EST,EMP,PS,_Z,_T,Y_GE15,_Z,BTE,A,2005,206.55,,A,3,0
OECD.SDD.TPS:DSD_ALFS@DF_SUMTAB(1.0),LVA,EMP,PS,_Z,_T,Y_GE15,_Z,BTE,A,2019,215.6,,E,3,0
OECD.SDD.TPS:DSD_ALFS@DF_SUMTAB(1.0),G7,EMP,PS,_Z,_T,Y_GE15,_Z,BTE,A,2008,78712.02,,A,3,0
OECD.SDD.TPS:DSD_ALFS@DF_SUMTAB(1.0),EST,EMP,PS,_Z,_T,Y_GE15,_Z,BTE,A,2000,190.775,,A,3,0
OECD.SDD.TPS:DSD_ALFS@DF_SUMTAB(1.0),EST,EMP,PS,_Z,_T,Y_GE15,_Z,BTE,A,2018,197.975,,E,3,0
OECD.SDD.TPS:DSD_ALFS@DF_SUMTAB(1.0),EST,EMP,PS,_Z,_T,Y_GE15,_Z,BTE,A,2008,233.625,,E,3,0
OECD.SDD.TPS:DSD_ALFS@DF_SUMTAB(1.0),EST,EMP,PS,_Z,_T,Y_GE15,_Z,BTE,A,2009,189.125,,E,3,0
OECD.SDD.TPS:DSD_ALFS@DF_SUMTAB(1.0),EST,EMP,PS,_Z,_T,Y_GE15,_Z,BTE,A,2010,174.475,,E,3,0
OECD.SDD.TPS:DSD_ALFS@DF_SUMTAB(1.0),EST,EMP,PS,_Z,_T,Y_GE15,_Z,BTE,A,2011,196.65,,E,3,0
OECD.SDD.TPS:DSD_ALFS@DF_SUMTAB(1.0),EST,EMP,PS,_Z,_T,Y_GE15,_Z,BTE,A,2019,195.025,,E,3,0
OECD.SDD.TPS:DSD_ALFS@DF_SUMTAB(1.0),EST,EMP,PS,_Z,_T,Y_GE15,_Z,BTE,A,2012,192.45,,E,3,0
OECD.SDD.TPS:DSD_ALFS@DF_SUMTAB(1.0),EST,EMP,PS,_Z,_T,Y_GE15,_Z,BTE,A,2013,189.625,,E,3,0
OECD.SDD.TPS:DSD_ALFS@DF_SUMTAB(1.0),EST,EMP,PS,_Z,_T,Y_GE15,_Z,BTE,A,2014,190.15,,E,3,0
OECD.SDD.TPS:DSD_ALFS@DF_SUMTAB(1.0),EST,EMP,PS,_Z,_T,Y_GE15,_Z,BTE,A,2020,193.325,,E,3,0
OECD.SDD.TPS:DSD_ALFS@DF_SUMTAB(1.0),EST,EMP,PS,_Z,_T,Y_GE15,_Z,BTE,A,2017,198.725,,E,3,0
OECD.SDD.TPS:DSD_ALFS@DF_SUMTAB(1.0),EST,EMP,PS,_Z,_T,Y_GE15,_Z,BTE,A,2001,190.5,,A,3,0
OECD.SDD.TPS:DSD_ALFS@DF_SUMTAB(1.0),EST,EMP,PS,_Z,_T,Y_GE15,_Z,BTE,A,2021,187.6,,U,3,0
OECD.SDD.TPS:DSD_ALFS@DF_SUMTAB(1.0),EST,EMP,PS,_Z,_T,Y_GE15,_Z,BTE,A,2022,192.925,,U,3,0
OECD.SDD.TPS:DSD_ALFS@DF_SUMTAB(1.0),ITA,EMP,PS,_Z,_T,Y_GE15,_Z,BTE,A,2019,6042.45,,A,3,0
OECD.SDD.TPS:DSD_ALFS@DF_SUMTAB(1.0),ITA,EMP,PS,_Z,_T,Y_GE15,_Z,BTE,A,2021,6008.25,,A,3,0
OECD.SDD.TPS:DSD_ALFS@DF_SUMTAB(1.0),ITA,EMP,PS,_Z,_T,Y_GE15,_Z,BTE,A,2007,7003.4,,A,3,0
OECD.SDD.TPS:DSD_ALFS@DF_SUMTAB(1.0),ITA,EMP,PS,_Z,_T,Y_GE15,_Z,BTE,A,2008,6881.0,,A,3,0
OECD.SDD.TPS:DSD_ALFS@DF_SUMTAB(1.0),ITA,EMP,PS,_Z,_T,Y_GE15,_Z,BTE,A,2009,6636.725,,A,3,0
OECD.SDD.TPS:DSD_ALFS@DF_SUMTAB(1.0),ITA,EMP,PS,_Z,_T,Y_GE15,_Z,BTE,A,2010,6444.525,,A,3,0
OECD.SDD.TPS:DSD_ALFS@DF_SUMTAB(1.0),ITA,EMP,PS,_Z,_T,Y_GE15,_Z,BTE,A,2011,6392.525,,A,3,0
OECD.SDD.TPS:DSD_ALFS@DF_SUMTAB(1.0),ITA,EMP,PS,_Z,_T,Y_GE15,_Z,BTE,A,2018,6059.775,,A,3,0
OECD.SDD.TPS:DSD_ALFS@DF_SUMTAB(1.0),ITA,EMP,PS,_Z,_T,Y_GE15,_Z,BTE,A,2012,6223.975,,A,3,0
OECD.SDD.TPS:DSD_ALFS@DF_SUMTAB(1.0),ITA,EMP,PS,_Z,_T,Y_GE15,_Z,BTE,A,2013,6001.825,,A,3,0
OECD.SDD.TPS:DSD_ALFS@DF_SUMTAB(1.0),ITA,EMP,PS,_Z,_T,Y_GE15,_Z,BTE,A,2014,5993.225,,A,3,0
OECD.SDD.TPS:DSD_ALFS@DF_SUMTAB(1.0),ITA,EMP,PS,_Z,_T,Y_GE15,_Z,BTE,A,2015,5975.55,,A,3,0
OECD.SDD.TPS:DSD_ALFS@DF_SUMTAB(1.0),ITA,EMP,PS,_Z,_T,Y_GE15,_Z,BTE,A,2016,5944.725,,A,3,0
OECD.SDD.TPS:DSD_ALFS@DF_SUMTAB(1.0),ITA,EMP,PS,_Z,_T,Y_GE15,_Z,BTE,A,2017,5986.375,,A,3,0
OECD.SDD.TPS:DSD_ALFS@DF_SUMTAB(1.0),ITA,EMP,PS,_Z,_T,Y_GE15,_Z,BTE,A,2022,6206.925,,A,3,0
OECD.SDD.TPS:DSD_ALFS@DF_SUMTAB(1.0),ITA,EMP,PS,_Z,_T,Y_GE15,_Z,BTE,A,2023,6281.05,,A,3,0
OECD.SDD.TPS:DSD_ALFS@DF_SUMTAB(1.0),ITA,EMP,PS,_Z,_T,Y_GE15,_Z,BTE,A,2000,6766.925,,A,3,0
OECD.SDD.TPS:DSD_ALFS@DF_SUMTAB(1.0),ITA,EMP,PS,_Z,_T,Y_GE15,_Z,BTE,A,2001,6840.6,,A,3,0
OECD.SDD.TPS:DSD_ALFS@DF_SUMTAB(1.0),ITA,EMP,PS,_Z,_T,Y_GE15,_Z,BTE,A,2002,6931.55,,A,3,0
OECD.SDD.TPS:DSD_ALFS@DF_SUMTAB(1.0),ITA,EMP,PS,_Z,_T,Y_GE15,_Z,BTE,A,2005,6940.125,,A,3,0
OECD.SDD.TPS:DSD_ALFS@DF_SUMTAB(1.0),ITA,EMP,PS,_Z,_T,Y_GE15,_Z,BTE,A,2006,6926.6,,A,3,0
OECD.SDD.TPS:DSD_ALFS@DF_SUMTAB(1.0),EST,EMP,PS,_Z,_T,Y_GE15,_Z,BTE,A,2006,216.775,,A,3,0
OECD.SDD.TPS:DSD_ALFS@DF_SUMTAB(1.0),EST,EMP,PS,_Z,_T,Y_GE15,_Z,BTE,A,2007,230.675,,A,3,0
OECD.SDD.TPS:DSD_ALFS@DF_SUMTAB(1.0),SWE,EMP,PS,_Z,_T,Y_GE15,_Z,BTE,A,2013,896.425,,A,3,0
OECD.SDD.TPS:DSD_ALFS@DF_SUMTAB(1.0),SWE,EMP,PS,_Z,_T,Y_GE15,_Z,BTE,A,2014,882.85,,A,3,0
OECD.SDD.TPS:DSD_ALFS@DF_SUMTAB(1.0),SWE,EMP,PS,_Z,_T,Y_GE15,_Z,BTE,A,2015,878.8,,A,3,0
OECD.SDD.TPS:DSD_ALFS@DF_SUMTAB(1.0),SWE,EMP,PS,_Z,_T,Y_GE15,_Z,BTE,A,2016,887.85,,A,3,0
OECD.SDD.TPS:DSD_ALFS@DF_SUMTAB(1.0),SWE,EMP,PS,_Z,_T,Y_GE15,_Z,BTE,A,2017,907.625,,A,3,0
OECD.SDD.TPS:DSD_ALFS@DF_SUMTAB(1.0),SWE,EMP,PS,_Z,_T,Y_GE15,_Z,BTE,A,2001,1021.4,,A,3,0
OECD.SDD.TPS:DSD_ALFS@DF_SUMTAB(1.0),SWE,EMP,PS,_Z,_T,Y_GE15,_Z,BTE,A,2002,992.5,,A,3,0
OECD.SDD.TPS:DSD_ALFS@DF_SUMTAB(1.0),SWE,EMP,PS,_Z,_T,Y_GE15,_Z,BTE,A,2003,970.175,,A,3,0
OECD.SDD.TPS:DSD_ALFS@DF_SUMTAB(1.0),SWE,EMP,PS,_Z,_T,Y_GE15,_Z,BTE,A,2018,922.225,,A,3,0
OECD.SDD.TPS:DSD_ALFS@DF_SUMTAB(1.0),SWE,EMP,PS,_Z,_T,Y_GE15,_Z,BTE,A,2020,920.875,,A,3,0
OECD.SDD.TPS:DSD_ALFS@DF_SUMTAB(1.0),SWE,EMP,PS,_Z,_T,Y_GE15,_Z,BTE,A,2021,911.225,,A,3,0
OECD.SDD.TPS:DSD_ALFS@DF_SUMTAB(1.0),SWE,EMP,PS,_Z,_T,Y_GE15,_Z,BTE,A,2022,898.425,,A,3,0
OECD.SDD.TPS:DSD_ALFS@DF_SUMTAB(1.0),SWE,EMP,PS,_Z,_T,Y_GE15,_Z,BTE,A,2023,919.3,,A,3,0
OECD.SDD.TPS:DSD_ALFS@DF_SUMTAB(1.0),SWE,EMP,PS,_Z,_T,Y_GE15,_Z,BTE,A,2006,967.85,,A,3,0
OECD.SDD.TPS:DSD_ALFS@DF_SUMTAB(1.0),SWE,EMP,PS,_Z,_T,Y_GE15,_Z,BTE,A,2008,975.225,,A,3,0
OECD.SDD.TPS:DSD_ALFS@DF_SUMTAB(1.0),SWE,EMP,PS,_Z,_T,Y_GE15,_Z,BTE,A,2009,904.075,,A,3,0
OECD.SDD.TPS:DSD_ALFS@DF_SUMTAB(1.0),SWE,EMP,PS,_Z,_T,Y_GE15,_Z,BTE,A,2010,898.075,,A,3,0
OECD.SDD.TPS:DSD_ALFS@DF_SUMTAB(1.0),SWE,EMP,PS,_Z,_T,Y_GE15,_Z,BTE,A,2011,917.7,,A,3,0
OECD.SDD.TPS:DSD_ALFS@DF_SUMTAB(1.0),SWE,EMP,PS,_Z,_T,Y_GE15,_Z,BTE,A,2019,940.2,,U,3,0
OECD.SDD.TPS:DSD_ALFS@DF_SUMTAB(1.0),FRA,EMP,PS,_Z,_T,Y_GE15,_Z,BTE,A,2021,5252.7,,U,3,0
OECD.SDD.TPS:DSD_ALFS@DF_SUMTAB(1.0),FRA,EMP,PS,_Z,_T,Y_GE15,_Z,BTE,A,2022,5373.95,,U,3,0
OECD.SDD.TPS:DSD_ALFS@DF_SUMTAB(1.0),FRA,EMP,PS,_Z,_T,Y_GE15,_Z,BTE,A,2003,6010.225,,A,3,0
OECD.SDD.TPS:DSD_ALFS@DF_SUMTAB(1.0),FRA,EMP,PS,_Z,_T,Y_GE15,_Z,BTE,A,2005,5915.95,,A,3,0
OECD.SDD.TPS:DSD_ALFS@DF_SUMTAB(1.0),FRA,EMP,PS,_Z,_T,Y_GE15,_Z,BTE,A,2006,5963.975,,A,3,0
OECD.SDD.TPS:DSD_ALFS@DF_SUMTAB(1.0),FRA,EMP,PS,_Z,_T,Y_GE15,_Z,BTE,A,2007,5942.65,,A,3,0
OECD.SDD.TPS:DSD_ALFS@DF_SUMTAB(1.0),FRA,EMP,PS,_Z,_T,Y_GE15,_Z,BTE,A,2008,5992.95,,A,3,0
OECD.SDD.TPS:DSD_ALFS@DF_SUMTAB(1.0),FRA,EMP,PS,_Z,_T,Y_GE15,_Z,BTE,A,2009,5789.275,,A,3,0
OECD.SDD.TPS:DSD_ALFS@DF_SUMTAB(1.0),FRA,EMP,PS,_Z,_T,Y_GE15,_Z,BTE,A,2023,5453.95,,U,3,0
OECD.SDD.TPS:DSD_ALFS@DF_SUMTAB(1.0),FRA,EMP,PS,_Z,_T,Y_GE15,_Z,BTE,A,2017,5423.175,,E,3,0
OECD.SDD.TPS:DSD_ALFS@DF_SUMTAB(1.0),FRA,EMP,PS,_Z,_T,Y_GE15,_Z,BTE,A,2018,5408.35,,E,3,0
OECD.SDD.TPS:DSD_ALFS@DF_SUMTAB(1.0),FRA,EMP,PS,_Z,_T,Y_GE15,_Z,BTE,A,2020,5305.825,,B,3,0
OECD.SDD.TPS:DSD_ALFS@DF_SUMTAB(1.0),FRA,EMP,PS,_Z,_T,Y_GE15,_Z,BTE,A,2013,5449.4,,B,3,0
OECD.SDD.TPS:DSD_ALFS@DF_SUMTAB(1.0),FRA,EMP,PS,_Z,_T,Y_GE15,_Z,BTE,A,2004,5944.725,,B,3,0
OECD.SDD.TPS:DSD_ALFS@DF_SUMTAB(1.0),FRA,EMP,PS,_Z,_T,Y_GE15,_Z,BTE,A,2010,5688.35,,A,3,0
OECD.SDD.TPS:DSD_ALFS@DF_SUMTAB(1.0),FRA,EMP,PS,_Z,_T,Y_GE15,_Z,BTE,A,2015,5311.25,,A,3,0
OECD.SDD.TPS:DSD_ALFS@DF_SUMTAB(1.0),FRA,EMP,PS,_Z,_T,Y_GE15,_Z,BTE,A,2011,5676.85,,A,3,0
OECD.SDD.TPS:DSD_ALFS@DF_SUMTAB(1.0),FRA,EMP,PS,_Z,_T,Y_GE15,_Z,BTE,A,2012,5590.2,,A,3,0
OECD.SDD.TPS:DSD_ALFS@DF_SUMTAB(1.0),FRA,EMP,PS,_Z,_T,Y_GE15,_Z,BTE,A,2016,5312.425,,A,3,0
OECD.SDD.TPS:DSD_ALFS@DF_SUMTAB(1.0),FRA,EMP,PS,_Z,_T,Y_GE15,_Z,BTE,A,2014,5360.75,,A,3,0
OECD.SDD.TPS:DSD_ALFS@DF_SUMTAB(1.0),DNK,EMP,PS,_Z,_T,Y_GE15,_Z,BTE,A,2008,659.875,,E,3,0
OECD.SDD.TPS:DSD_ALFS@DF_SUMTAB(1.0),DNK,EMP,PS,_Z,_T,Y_GE15,_Z,BTE,A,2009,564.175,,E,3,0
OECD.SDD.TPS:DSD_ALFS@DF_SUMTAB(1.0),DNK,EMP,PS,_Z,_T,Y_GE15,_Z,BTE,A,2005,656.55,,A,3,0
OECD.SDD.TPS:DSD_ALFS@DF_SUMTAB(1.0),DNK,EMP,PS,_Z,_T,Y_GE15,_Z,BTE,A,2006,653.75,,A,3,0
OECD.SDD.TPS:DSD_ALFS@DF_SUMTAB(1.0),DNK,EMP,PS,_Z,_T,Y_GE15,_Z,BTE,A,2012,529.075,,A,3,0
OECD.SDD.TPS:DSD_ALFS@DF_SUMTAB(1.0),DNK,EMP,PS,_Z,_T,Y_GE15,_Z,BTE,A,2013,522.475,,A,3,0
OECD.SDD.TPS:DSD_ALFS@DF_SUMTAB(1.0),DNK,EMP,PS,_Z,_T,Y_GE15,_Z,BTE,A,2014,519.875,,A,3,0
OECD.SDD.TPS:DSD_ALFS@DF_SUMTAB(1.0),DNK,EMP,PS,_Z,_T,Y_GE15,_Z,BTE,A,2000,707.65,,A,3,0
OECD.SDD.TPS:DSD_ALFS@DF_SUMTAB(1.0),DNK,EMP,PS,_Z,_T,Y_GE15,_Z,BTE,A,2010,533.5,,E,3,0
OECD.SDD.TPS:DSD_ALFS@DF_SUMTAB(1.0),DNK,EMP,PS,_Z,_T,Y_GE15,_Z,BTE,A,2011,537.7,,E,3,0
OECD.SDD.TPS:DSD_ALFS@DF_SUMTAB(1.0),DNK,EMP,PS,_Z,_T,Y_GE15,_Z,BTE,A,2016,524.95,,E,3,0
OECD.SDD.TPS:DSD_ALFS@DF_SUMTAB(1.0),DNK,EMP,PS,_Z,_T,Y_GE15,_Z,BTE,A,2017,526.825,,E,3,0
OECD.SDD.TPS:DSD_ALFS@DF_SUMTAB(1.0),EST,EMP,PS,_Z,_T,Y_GE15,_Z,BTE,A,2015,199.325,,E,3,0
OECD.SDD.TPS:DSD_ALFS@DF_SUMTAB(1.0),EST,EMP,PS,_Z,_T,Y_GE15,_Z,BTE,A,2016,195.1,,E,3,0
OECD.SDD.TPS:DSD_ALFS@DF_SUMTAB(1.0),EST,EMP,PS,_Z,_T,Y_GE15,_Z,BTE,A,2004,207.675,,B,3,0
OECD.SDD.TPS:DSD_ALFS@DF_SUMTAB(1.0),LTU,EMP,PS,_Z,_T,Y_GE15,_Z,BTE,A,2010,308.625,,E,3,0
OECD.SDD.TPS:DSD_ALFS@DF_SUMTAB(1.0),LTU,EMP,PS,_Z,_T,Y_GE15,_Z,BTE,A,2011,310.425,,E,3,0
OECD.SDD.TPS:DSD_ALFS@DF_SUMTAB(1.0),LTU,EMP,PS,_Z,_T,Y_GE15,_Z,BTE,A,2012,322.85,,E,3,0
OECD.SDD.TPS:DSD_ALFS@DF_SUMTAB(1.0),LTU,EMP,PS,_Z,_T,Y_GE15,_Z,BTE,A,2013,331.85,,E,3,0
OECD.SDD.TPS:DSD_ALFS@DF_SUMTAB(1.0),LTU,EMP,PS,_Z,_T,Y_GE15,_Z,BTE,A,2014,327.35,,E,3,0
OECD.SDD.TPS:DSD_ALFS@DF_SUMTAB(1.0),LTU,EMP,PS,_Z,_T,Y_GE15,_Z,BTE,A,2015,337.75,,E,3,0
OECD.SDD.TPS:DSD_ALFS@DF_SUMTAB(1.0),LTU,EMP,PS,_Z,_T,Y_GE15,_Z,BTE,A,2022,365.9,,E,3,0
OECD.SDD.TPS:DSD_ALFS@DF_SUMTAB(1.0),LTU,EMP,PS,_Z,_T,Y_GE15,_Z,BTE,A,2020,347.475,,E,3,0
OECD.SDD.TPS:DSD_ALFS@DF_SUMTAB(1.0),LTU,EMP,PS,_Z,_T,Y_GE15,_Z,BTE,A,2021,360.925,,E,3,0
OECD.SDD.TPS:DSD_ALFS@DF_SUMTAB(1.0),LTU,EMP,PS,_Z,_T,Y_GE15,_Z,BTE,A,2019,357.35,,E,3,0
OECD.SDD.TPS:DSD_ALFS@DF_SUMTAB(1.0),LTU,EMP,PS,_Z,_T,Y_GE15,_Z,BTE,A,2016,344.65,,E,3,0
OECD.SDD.TPS:DSD_ALFS@DF_SUMTAB(1.0),LTU,EMP,PS,_Z,_T,Y_GE15,_Z,BTE,A,2017,343.05,,E,3,0
OECD.SDD.TPS:DSD_ALFS@DF_SUMTAB(1.0),LTU,EMP,PS,_Z,_T,Y_GE15,_Z,BTE,A,2018,356.4,,E,3,0
OECD.SDD.TPS:DSD_ALFS@DF_SUMTAB(1.0),LTU,EMP,PS,_Z,_T,Y_GE15,_Z,BTE,A,2008,437.325,,E,3,0
OECD.SDD.TPS:DSD_ALFS@DF_SUMTAB(1.0),AUS,EMP,PS,_Z,_T,Y_GE15,_Z,BTE,A,2000,1986.482,,A,3,0
OECD.SDD.TPS:DSD_ALFS@DF_SUMTAB(1.0),AUS,EMP,PS,_Z,_T,Y_GE15,_Z,BTE,A,2022,2623.445,,A,3,0
OECD.SDD.TPS:DSD_ALFS@DF_SUMTAB(1.0),AUS,EMP,PS,_Z,_T,Y_GE15,_Z,BTE,A,2002,1987.713,,A,3,0
OECD.SDD.TPS:DSD_ALFS@DF_SUMTAB(1.0),AUS,EMP,PS,_Z,_T,Y_GE15,_Z,BTE,A,2003,2029.702,,A,3,0
OECD.SDD.TPS:DSD_ALFS@DF_SUMTAB(1.0),AUS,EMP,PS,_Z,_T,Y_GE15,_Z,BTE,A,2018,2578.935,,A,3,0
OECD.SDD.TPS:DSD_ALFS@DF_SUMTAB(1.0),AUS,EMP,PS,_Z,_T,Y_GE15,_Z,BTE,A,2019,2545.961,,A,3,0
OECD.SDD.TPS:DSD_ALFS@DF_SUMTAB(1.0),AUS,EMP,PS,_Z,_T,Y_GE15,_Z,BTE,A,2020,2514.972,,A,3,0
OECD.SDD.TPS:DSD_ALFS@DF_SUMTAB(1.0),AUS,EMP,PS,_Z,_T,Y_GE15,_Z,BTE,A,2021,2554.039,,A,3,0
OECD.SDD.TPS:DSD_ALFS@DF_SUMTAB(1.0),AUS,EMP,PS,_Z,_T,Y_GE15,_Z,BTE,A,2023,2781.412,,A,3,0
OECD.SDD.TPS:DSD_ALFS@DF_SUMTAB(1.0),AUS,EMP,PS,_Z,_T,Y_GE15,_Z,BTE,A,2004,2091.796,,A,3,0
OECD.SDD.TPS:DSD_ALFS@DF_SUMTAB(1.0),AUS,EMP,PS,_Z,_T,Y_GE15,_Z,BTE,A,2005,2147.597,,A,3,0
OECD.SDD.TPS:DSD_ALFS@DF_SUMTAB(1.0),AUS,EMP,PS,_Z,_T,Y_GE15,_Z,BTE,A,2006,2219.156,,A,3,0
OECD.SDD.TPS:DSD_ALFS@DF_SUMTAB(1.0),AUS,EMP,PS,_Z,_T,Y_GE15,_Z,BTE,A,2007,2279.952,,A,3,0
OECD.SDD.TPS:DSD_ALFS@DF_SUMTAB(1.0),AUS,EMP,PS,_Z,_T,Y_GE15,_Z,BTE,A,2008,2395.745,,A,3,0
OECD.SDD.TPS:DSD_ALFS@DF_SUMTAB(1.0),AUS,EMP,PS,_Z,_T,Y_GE15,_Z,BTE,A,2009,2352.949,,A,3,0
OECD.SDD.TPS:DSD_ALFS@DF_SUMTAB(1.0),AUS,EMP,PS,_Z,_T,Y_GE15,_Z,BTE,A,2010,2388.859,,A,3,0
OECD.SDD.TPS:DSD_ALFS@DF_SUMTAB(1.0),AUS,EMP,PS,_Z,_T,Y_GE15,_Z,BTE,A,2011,2406.898,,A,3,0
OECD.SDD.TPS:DSD_ALFS@DF_SUMTAB(1.0),AUS,EMP,PS,_Z,_T,Y_GE15,_Z,BTE,A,2012,2430.992,,A,3,0
OECD.SDD.TPS:DSD_ALFS@DF_SUMTAB(1.0),AUS,EMP,PS,_Z,_T,Y_GE15,_Z,BTE,A,2013,2410.082,,A,3,0
OECD.SDD.TPS:DSD_ALFS@DF_SUMTAB(1.0),AUS,EMP,PS,_Z,_T,Y_GE15,_Z,BTE,A,2014,2422.363,,A,3,0
OECD.SDD.TPS:DSD_ALFS@DF_SUMTAB(1.0),AUS,EMP,PS,_Z,_T,Y_GE15,_Z,BTE,A,2015,2365.772,,A,3,0
OECD.SDD.TPS:DSD_ALFS@DF_SUMTAB(1.0),AUS,EMP,PS,_Z,_T,Y_GE15,_Z,BTE,A,2001,1935.024,,A,3,0
OECD.SDD.TPS:DSD_ALFS@DF_SUMTAB(1.0),AUS,EMP,PS,_Z,_T,Y_GE15,_Z,BTE,A,2016,2395.837,,A,3,0
OECD.SDD.TPS:DSD_ALFS@DF_SUMTAB(1.0),USA,EMP,PS,_Z,_T,Y_GE15,_Z,BTE,A,2021,26592.25,,A,3,0
OECD.SDD.TPS:DSD_ALFS@DF_SUMTAB(1.0),USA,EMP,PS,_Z,_T,Y_GE15,_Z,BTE,A,2022,27622.42,,A,3,0
OECD.SDD.TPS:DSD_ALFS@DF_SUMTAB(1.0),USA,EMP,PS,_Z,_T,Y_GE15,_Z,BTE,A,2012,24607.67,,A,3,0
OECD.SDD.TPS:DSD_ALFS@DF_SUMTAB(1.0),USA,EMP,PS,_Z,_T,Y_GE15,_Z,BTE,A,2013,25205.67,,A,3,0
OECD.SDD.TPS:DSD_ALFS@DF_SUMTAB(1.0),USA,EMP,PS,_Z,_T,Y_GE15,_Z,BTE,A,2014,26001.33,,A,3,0
OECD.SDD.TPS:DSD_ALFS@DF_SUMTAB(1.0),USA,EMP,PS,_Z,_T,Y_GE15,_Z,BTE,A,2015,26190.92,,A,3,0
OECD.SDD.TPS:DSD_ALFS@DF_SUMTAB(1.0),USA,EMP,PS,_Z,_T,Y_GE15,_Z,BTE,A,2020,26020.33,,A,3,0
OECD.SDD.TPS:DSD_ALFS@DF_SUMTAB(1.0),USA,EMP,PS,_Z,_T,Y_GE15,_Z,BTE,A,2016,26528.0,,A,3,0
OECD.SDD.TPS:DSD_ALFS@DF_SUMTAB(1.0),USA,EMP,PS,_Z,_T,Y_GE15,_Z,BTE,A,2023,28056.5,,A,3,0
OECD.SDD.TPS:DSD_ALFS@DF_SUMTAB(1.0),USA,EMP,PS,_Z,_T,Y_GE15,_Z,BTE,A,2017,26848.58,,A,3,0
OECD.SDD.TPS:DSD_ALFS@DF_SUMTAB(1.0),USA,EMP,PS,_Z,_T,Y_GE15,_Z,BTE,A,2018,27524.75,,A,3,0
OECD.SDD.TPS:DSD_ALFS@DF_SUMTAB(1.0),USA,EMP,PS,_Z,_T,Y_GE15,_Z,BTE,A,2019,27864.75,,A,3,0
OECD.SDD.TPS:DSD_ALFS@DF_SUMTAB(1.0),USA,EMP,PS,_Z,_T,Y_GE15,_Z,BTE,A,2003,27565.25,,A,3,0
OECD.SDD.TPS:DSD_ALFS@DF_SUMTAB(1.0),USA,EMP,PS,_Z,_T,Y_GE15,_Z,BTE,A,2004,27790.33,,A,3,0
OECD.SDD.TPS:DSD_ALFS@DF_SUMTAB(1.0),USA,EMP,PS,_Z,_T,Y_GE15,_Z,BTE,A,2005,28074.33,,A,3,0
OECD.SDD.TPS:DSD_ALFS@DF_SUMTAB(1.0),USA,EMP,PS,_Z,_T,Y_GE15,_Z,BTE,A,2006,28811.75,,A,3,0
OECD.SDD.TPS:DSD_ALFS@DF_SUMTAB(1.0),USA,EMP,PS,_Z,_T,Y_GE15,_Z,BTE,A,2007,28894.5,,A,3,0
OECD.SDD.TPS:DSD_ALFS@DF_SUMTAB(1.0),USA,EMP,PS,_Z,_T,Y_GE15,_Z,BTE,A,2008,27696.5,,A,3,0
OECD.SDD.TPS:DSD_ALFS@DF_SUMTAB(1.0),USA,EMP,PS,_Z,_T,Y_GE15,_Z,BTE,A,2009,24611.42,,A,3,0
OECD.SDD.TPS:DSD_ALFS@DF_SUMTAB(1.0),USA,EMP,PS,_Z,_T,Y_GE15,_Z,BTE,A,2010,23888.42,,A,3,0
OECD.SDD.TPS:DSD_ALFS@DF_SUMTAB(1.0),USA,EMP,PS,_Z,_T,Y_GE15,_Z,BTE,A,2011,24193.08,,A,3,0
OECD.SDD.TPS:DSD_ALFS@DF_SUMTAB(1.0),USA,EMP,PS,_Z,_T,Y_GE15,_Z,BTE,A,2000,30049.67,,A,3,0
OECD.SDD.TPS:DSD_ALFS@DF_SUMTAB(1.0),USA,EMP,PS,_Z,_T,Y_GE15,_Z,BTE,A,2001,29126.67,,A,3,0
OECD.SDD.TPS:DSD_ALFS@DF_SUMTAB(1.0),SVK,EMP,PS,_Z,_T,Y_GE15,_Z,BTE,A,2020,925.2,,B,3,0
OECD.SDD.TPS:DSD_ALFS@DF_SUMTAB(1.0),SVK,EMP,PS,_Z,_T,Y_GE15,_Z,BTE,A,2004,845.975,,B,3,0
OECD.SDD.TPS:DSD_ALFS@DF_SUMTAB(1.0),SVK,EMP,PS,_Z,_T,Y_GE15,_Z,BTE,A,2007,928.225,,A,3,0
OECD.SDD.TPS:DSD_ALFS@DF_SUMTAB(1.0),SVK,EMP,PS,_Z,_T,Y_GE15,_Z,BTE,A,2009,897.4,,A,3,0
OECD.SDD.TPS:DSD_ALFS@DF_SUMTAB(1.0),SVK,EMP,PS,_Z,_T,Y_GE15,_Z,BTE,A,2011,867.825,,A,3,0
OECD.SDD.TPS:DSD_ALFS@DF_SUMTAB(1.0),SVK,EMP,PS,_Z,_T,Y_GE15,_Z,BTE,A,2012,874.125,,A,3,0
OECD.SDD.TPS:DSD_ALFS@DF_SUMTAB(1.0),SVK,EMP,PS,_Z,_T,Y_GE15,_Z,BTE,A,2013,834.35,,A,3,0
OECD.SDD.TPS:DSD_ALFS@DF_SUMTAB(1.0),SVK,EMP,PS,_Z,_T,Y_GE15,_Z,BTE,A,2014,837.425,,A,3,0
OECD.SDD.TPS:DSD_ALFS@DF_SUMTAB(1.0),SVK,EMP,PS,_Z,_T,Y_GE15,_Z,BTE,A,2008,976.55,,B,3,0
OECD.SDD.TPS:DSD_ALFS@DF_SUMTAB(1.0),SVK,EMP,PS,_Z,_T,Y_GE15,_Z,BTE,A,2010,860.075,,B,3,0
OECD.SDD.TPS:DSD_ALFS@DF_SUMTAB(1.0),SVK,EMP,PS,_Z,_T,Y_GE15,_Z,BTE,A,2001,797.925,,A,3,0
OECD.SDD.TPS:DSD_ALFS@DF_SUMTAB(1.0),SVK,EMP,PS,_Z,_T,Y_GE15,_Z,BTE,A,2015,875.1,,A,3,0
OECD.SDD.TPS:DSD_ALFS@DF_SUMTAB(1.0),SVK,EMP,PS,_Z,_T,Y_GE15,_Z,BTE,A,2016,908.6,,A,3,0
OECD.SDD.TPS:DSD_ALFS@DF_SUMTAB(1.0),SVK,EMP,PS,_Z,_T,Y_GE15,_Z,BTE,A,2017,940.45,,A,3,0
OECD.SDD.TPS:DSD_ALFS@DF_SUMTAB(1.0),SVK,EMP,PS,_Z,_T,Y_GE15,_Z,BTE,A,2000,782.875,,A,3,0
OECD.SDD.TPS:DSD_ALFS@DF_SUMTAB(1.0),SVK,EMP,PS,_Z,_T,Y_GE15,_Z,BTE,A,2002,816.65,,A,3,0
OECD.SDD.TPS:DSD_ALFS@DF_SUMTAB(1.0),SVK,EMP,PS,_Z,_T,Y_GE15,_Z,BTE,A,2003,828.875,,A,3,0
OECD.SDD.TPS:DSD_ALFS@DF_SUMTAB(1.0),SVK,EMP,PS,_Z,_T,Y_GE15,_Z,BTE,A,2018,937.375,,A,3,0
OECD.SDD.TPS:DSD_ALFS@DF_SUMTAB(1.0),SVK,EMP,PS,_Z,_T,Y_GE15,_Z,BTE,A,2019,932.575,,A,3,0
OECD.SDD.TPS:DSD_ALFS@DF_SUMTAB(1.0),SVK,EMP,PS,_Z,_T,Y_GE15,_Z,BTE,A,2005,858.425,,A,3,0
OECD.SDD.TPS:DSD_ALFS@DF_SUMTAB(1.0),SVK,EMP,PS,_Z,_T,Y_GE15,_Z,BTE,A,2006,892.975,,A,3,0
OECD.SDD.TPS:DSD_ALFS@DF_SUMTAB(1.0),SVK,EMP,PS,_Z,_T,Y_GE15,_Z,BTE,A,2021,931.525,,U,3,0
OECD.SDD.TPS:DSD_ALFS@DF_SUMTAB(1.0),SVK,EMP,PS,_Z,_T,Y_GE15,_Z,BTE,A,2022,925.75,,U,3,0
OECD.SDD.TPS:DSD_ALFS@DF_SUMTAB(1.0),ISL,EMP,PS,_Z,_T,Y_GE15,_Z,BTE,A,2012,29.725,,E,3,0
OECD.SDD.TPS:DSD_ALFS@DF_SUMTAB(1.0),ISL,EMP,PS,_Z,_T,Y_GE15,_Z,BTE,A,2020,34.1,,B,3,0
OECD.SDD.TPS:DSD_ALFS@DF_SUMTAB(1.0),ISL,EMP,PS,_Z,_T,Y_GE15,_Z,BTE,A,2009,31.325,,A,3,0
OECD.SDD.TPS:DSD_ALFS@DF_SUMTAB(1.0),ISL,EMP,PS,_Z,_T,Y_GE15,_Z,BTE,A,2010,29.7,,A,3,0
OECD.SDD.TPS:DSD_ALFS@DF_SUMTAB(1.0),ISL,EMP,PS,_Z,_T,Y_GE15,_Z,BTE,A,2011,30.05,,A,3,0
OECD.SDD.TPS:DSD_ALFS@DF_SUMTAB(1.0),ISL,EMP,PS,_Z,_T,Y_GE15,_Z,BTE,A,2013,31.475,,A,3,0
OECD.SDD.TPS:DSD_ALFS@DF_SUMTAB(1.0),ISL,EMP,PS,_Z,_T,Y_GE15,_Z,BTE,A,2014,31.625,,A,3,0
OECD.SDD.TPS:DSD_ALFS@DF_SUMTAB(1.0),ISL,EMP,PS,_Z,_T,Y_GE15,_Z,BTE,A,2015,31.675,,A,3,0
OECD.SDD.TPS:DSD_ALFS@DF_SUMTAB(1.0),ISL,EMP,PS,_Z,_T,Y_GE15,_Z,BTE,A,2007,36.575,,B,3,0
OECD.SDD.TPS:DSD_ALFS@DF_SUMTAB(1.0),ISL,EMP,PS,_Z,_T,Y_GE15,_Z,BTE,A,2016,32.55,,A,3,0
OECD.SDD.TPS:DSD_ALFS@DF_SUMTAB(1.0),ISL,EMP,PS,_Z,_T,Y_GE15,_Z,BTE,A,2017,32.8,,A,3,0
OECD.SDD.TPS:DSD_ALFS@DF_SUMTAB(1.0),ISL,EMP,PS,_Z,_T,Y_GE15,_Z,BTE,A,2003,33.725,,A,3,0
OECD.SDD.TPS:DSD_ALFS@DF_SUMTAB(1.0),ISL,EMP,PS,_Z,_T,Y_GE15,_Z,BTE,A,2018,32.25,,A,3,0
OECD.SDD.TPS:DSD_ALFS@DF_SUMTAB(1.0),ISL,EMP,PS,_Z,_T,Y_GE15,_Z,BTE,A,2019,34.075,,A,3,0
OECD.SDD.TPS:DSD_ALFS@DF_SUMTAB(1.0),ISL,EMP,PS,_Z,_T,Y_GE15,_Z,BTE,A,2021,36.1,,A,3,0
OECD.SDD.TPS:DSD_ALFS@DF_SUMTAB(1.0),ISL,EMP,PS,_Z,_T,Y_GE15,_Z,BTE,A,2022,36.375,,A,3,0
OECD.SDD.TPS:DSD_ALFS@DF_SUMTAB(1.0),ISL,EMP,PS,_Z,_T,Y_GE15,_Z,BTE,A,2023,38.475,,A,3,0
OECD.SDD.TPS:DSD_ALFS@DF_SUMTAB(1.0),ISL,EMP,PS,_Z,_T,Y_GE15,_Z,BTE,A,2004,34.75,,A,3,0
OECD.SDD.TPS:DSD_ALFS@DF_SUMTAB(1.0),ISL,EMP,PS,_Z,_T,Y_GE15,_Z,BTE,A,2005,34.55,,A,3,0
OECD.SDD.TPS:DSD_ALFS@DF_SUMTAB(1.0),ISL,EMP,PS,_Z,_T,Y_GE15,_Z,BTE,A,2006,36.125,,A,3,0
OECD.SDD.TPS:DSD_ALFS@DF_SUMTAB(1.0),COL,EMP,PS,_Z,_T,Y_GE15,_Z,BTE,A,2016,4331.303,,A,3,0
OECD.SDD.TPS:DSD_ALFS@DF_SUMTAB(1.0),ITA,EMP,PS,_Z,_T,Y_GE15,_Z,BTE,A,2020,6040.0,,B,3,0
OECD.SDD.TPS:DSD_ALFS@DF_SUMTAB(1.0),ITA,EMP,PS,_Z,_T,Y_GE15,_Z,BTE,A,2003,7018.7,,B,3,0
OECD.SDD.TPS:DSD_ALFS@DF_SUMTAB(1.0),SWE,EMP,PS,_Z,_T,Y_GE15,_Z,BTE,A,2005,953.275,,B,3,0
OECD.SDD.TPS:DSD_ALFS@DF_SUMTAB(1.0),SWE,EMP,PS,_Z,_T,Y_GE15,_Z,BTE,A,2007,979.375,,B,3,0
OECD.SDD.TPS:DSD_ALFS@DF_SUMTAB(1.0),SWE,EMP,PS,_Z,_T,Y_GE15,_Z,BTE,A,2012,910.2,,A,3,0
OECD.SDD.TPS:DSD_ALFS@DF_SUMTAB(1.0),COL,EMP,PS,_Z,_T,Y_GE15,_Z,BTE,A,2006,3342.971,,A,3,0
OECD.SDD.TPS:DSD_ALFS@DF_SUMTAB(1.0),COL,EMP,PS,_Z,_T,Y_GE15,_Z,BTE,A,2007,3351.871,,A,3,0
OECD.SDD.TPS:DSD_ALFS@DF_SUMTAB(1.0),COL,EMP,PS,_Z,_T,Y_GE15,_Z,BTE,A,2008,3372.498,,A,3,0
OECD.SDD.TPS:DSD_ALFS@DF_SUMTAB(1.0),COL,EMP,PS,_Z,_T,Y_GE15,_Z,BTE,A,2014,4020.0,,B,3,0
OECD.SDD.TPS:DSD_ALFS@DF_SUMTAB(1.0),CHE,EMP,PS,_Z,_T,Y_GE15,_Z,BTE,A,2006,912.0,,A,3,0
OECD.SDD.TPS:DSD_ALFS@DF_SUMTAB(1.0),CHE,EMP,PS,_Z,_T,Y_GE15,_Z,BTE,A,2007,922.9,,A,3,0
OECD.SDD.TPS:DSD_ALFS@DF_SUMTAB(1.0),CHE,EMP,PS,_Z,_T,Y_GE15,_Z,BTE,A,2008,893.0,,A,3,0
OECD.SDD.TPS:DSD_ALFS@DF_SUMTAB(1.0),CHE,EMP,PS,_Z,_T,Y_GE15,_Z,BTE,A,2010,898.475,,A,3,0
OECD.SDD.TPS:DSD_ALFS@DF_SUMTAB(1.0),CHE,EMP,PS,_Z,_T,Y_GE15,_Z,BTE,A,2011,916.025,,A,3,0
OECD.SDD.TPS:DSD_ALFS@DF_SUMTAB(1.0),CHE,EMP,PS,_Z,_T,Y_GE15,_Z,BTE,A,2012,904.4,,A,3,0
OECD.SDD.TPS:DSD_ALFS@DF_SUMTAB(1.0),CHE,EMP,PS,_Z,_T,Y_GE15,_Z,BTE,A,2013,924.1,,A,3,0
OECD.SDD.TPS:DSD_ALFS@DF_SUMTAB(1.0),CHE,EMP,PS,_Z,_T,Y_GE15,_Z,BTE,A,2014,921.3,,A,3,0
OECD.SDD.TPS:DSD_ALFS@DF_SUMTAB(1.0),CHE,EMP,PS,_Z,_T,Y_GE15,_Z,BTE,A,2021,890.875,,U,3,0
OECD.SDD.TPS:DSD_ALFS@DF_SUMTAB(1.0),CHE,EMP,PS,_Z,_T,Y_GE15,_Z,BTE,A,2022,870.35,,U,3,0
OECD.SDD.TPS:DSD_ALFS@DF_SUMTAB(1.0),CHE,EMP,PS,_Z,_T,Y_GE15,_Z,BTE,A,2023,897.35,,U,3,0
OECD.SDD.TPS:DSD_ALFS@DF_SUMTAB(1.0),CHE,EMP,PS,_Z,_T,Y_GE15,_Z,BTE,A,2020,933.2,,B,3,0
OECD.SDD.TPS:DSD_ALFS@DF_SUMTAB(1.0),CHE,EMP,PS,_Z,_T,Y_GE15,_Z,BTE,A,2009,892.5,,B,3,0
OECD.SDD.TPS:DSD_ALFS@DF_SUMTAB(1.0),CHE,EMP,PS,_Z,_T,Y_GE15,_Z,BTE,A,2015,916.5,,A,3,0
OECD.SDD.TPS:DSD_ALFS@DF_SUMTAB(1.0),CHE,EMP,PS,_Z,_T,Y_GE15,_Z,BTE,A,2016,923.325,,A,3,0
OECD.SDD.TPS:DSD_ALFS@DF_SUMTAB(1.0),CHE,EMP,PS,_Z,_T,Y_GE15,_Z,BTE,A,2017,928.4,,A,3,0
OECD.SDD.TPS:DSD_ALFS@DF_SUMTAB(1.0),CHE,EMP,PS,_Z,_T,Y_GE15,_Z,BTE,A,2018,935.5,,A,3,0
OECD.SDD.TPS:DSD_ALFS@DF_SUMTAB(1.0),CHE,EMP,PS,_Z,_T,Y_GE15,_Z,BTE,A,2019,936.825,,A,3,0
OECD.SDD.TPS:DSD_ALFS@DF_SUMTAB(1.0),NOR,EMP,PS,_Z,_T,Y_GE15,_Z,BTE,A,2016,511.9,,A,3,0
OECD.SDD.TPS:DSD_ALFS@DF_SUMTAB(1.0),NOR,EMP,PS,_Z,_T,Y_GE15,_Z,BTE,A,2017,511.725,,A,3,0
OECD.SDD.TPS:DSD_ALFS@DF_SUMTAB(1.0),NOR,EMP,PS,_Z,_T,Y_GE15,_Z,BTE,A,2001,491.75,,A,3,0
OECD.SDD.TPS:DSD_ALFS@DF_SUMTAB(1.0),NOR,EMP,PS,_Z,_T,Y_GE15,_Z,BTE,A,2002,495.95,,A,3,0
OECD.SDD.TPS:DSD_ALFS@DF_SUMTAB(1.0),NOR,EMP,PS,_Z,_T,Y_GE15,_Z,BTE,A,2003,485.9,,A,3,0
OECD.SDD.TPS:DSD_ALFS@DF_SUMTAB(1.0),NOR,EMP,PS,_Z,_T,Y_GE15,_Z,BTE,A,2006,489.75,,A,3,0
OECD.SDD.TPS:DSD_ALFS@DF_SUMTAB(1.0),NOR,EMP,PS,_Z,_T,Y_GE15,_Z,BTE,A,2007,515.275,,A,3,0
OECD.SDD.TPS:DSD_ALFS@DF_SUMTAB(1.0),NOR,EMP,PS,_Z,_T,Y_GE15,_Z,BTE,A,2015,530.275,,A,3,0
OECD.SDD.TPS:DSD_ALFS@DF_SUMTAB(1.0),NOR,EMP,PS,_Z,_T,Y_GE15,_Z,BTE,A,2018,522.375,,A,3,0
OECD.SDD.TPS:DSD_ALFS@DF_SUMTAB(1.0),NOR,EMP,PS,_Z,_T,Y_GE15,_Z,BTE,A,2008,516.55,,A,3,0
OECD.SDD.TPS:DSD_ALFS@DF_SUMTAB(1.0),NOR,EMP,PS,_Z,_T,Y_GE15,_Z,BTE,A,2009,505.025,,A,3,0
OECD.SDD.TPS:DSD_ALFS@DF_SUMTAB(1.0),NOR,EMP,PS,_Z,_T,Y_GE15,_Z,BTE,A,2010,492.275,,A,3,0
OECD.SDD.TPS:DSD_ALFS@DF_SUMTAB(1.0),NOR,EMP,PS,_Z,_T,Y_GE15,_Z,BTE,A,2011,513.025,,A,3,0
OECD.SDD.TPS:DSD_ALFS@DF_SUMTAB(1.0),NOR,EMP,PS,_Z,_T,Y_GE15,_Z,BTE,A,2012,522.3,,A,3,0
OECD.SDD.TPS:DSD_ALFS@DF_SUMTAB(1.0),NOR,EMP,PS,_Z,_T,Y_GE15,_Z,BTE,A,2013,526.925,,A,3,0
OECD.SDD.TPS:DSD_ALFS@DF_SUMTAB(1.0),NOR,EMP,PS,_Z,_T,Y_GE15,_Z,BTE,A,2019,526.475,,A,3,0
OECD.SDD.TPS:DSD_ALFS@DF_SUMTAB(1.0),NOR,EMP,PS,_Z,_T,Y_GE15,_Z,BTE,A,2021,533.25,,A,3,0
OECD.SDD.TPS:DSD_ALFS@DF_SUMTAB(1.0),NOR,EMP,PS,_Z,_T,Y_GE15,_Z,BTE,A,2022,550.3,,A,3,0
OECD.SDD.TPS:DSD_ALFS@DF_SUMTAB(1.0),NOR,EMP,PS,_Z,_T,Y_GE15,_Z,BTE,A,2023,544.325,,A,3,0
OECD.SDD.TPS:DSD_ALFS@DF_SUMTAB(1.0),NOR,EMP,PS,_Z,_T,Y_GE15,_Z,BTE,A,2014,535.225,,A,3,0
OECD.SDD.TPS:DSD_ALFS@DF_SUMTAB(1.0),NOR,EMP,PS,_Z,_T,Y_GE15,_Z,BTE,A,2000,491.825,,A,3,0
OECD.SDD.TPS:DSD_ALFS@DF_SUMTAB(1.0),NOR,EMP,PS,_Z,_T,Y_GE15,_Z,BTE,A,2020,524.925,,B,3,0
OECD.SDD.TPS:DSD_ALFS@DF_SUMTAB(1.0),NOR,EMP,PS,_Z,_T,Y_GE15,_Z,BTE,A,2004,473.075,,B,3,0
OECD.SDD.TPS:DSD_ALFS@DF_SUMTAB(1.0),SVN,EMP,PS,_Z,_T,Y_GE15,_Z,BTE,A,2020,331.45,,B,3,0
OECD.SDD.TPS:DSD_ALFS@DF_SUMTAB(1.0),SVN,EMP,PS,_Z,_T,Y_GE15,_Z,BTE,A,2004,342.75,,B,3,0
OECD.SDD.TPS:DSD_ALFS@DF_SUMTAB(1.0),SVN,EMP,PS,_Z,_T,Y_GE15,_Z,BTE,A,2013,279.725,,A,3,0
OECD.SDD.TPS:DSD_ALFS@DF_SUMTAB(1.0),SVN,EMP,PS,_Z,_T,Y_GE15,_Z,BTE,A,2014,281.9,,A,3,0
OECD.SDD.TPS:DSD_ALFS@DF_SUMTAB(1.0),SVN,EMP,PS,_Z,_T,Y_GE15,_Z,BTE,A,2015,290.1,,A,3,0
OECD.SDD.TPS:DSD_ALFS@DF_SUMTAB(1.0),SVN,EMP,PS,_Z,_T,Y_GE15,_Z,BTE,A,2016,301.125,,A,3,0
OECD.SDD.TPS:DSD_ALFS@DF_SUMTAB(1.0),SVN,EMP,PS,_Z,_T,Y_GE15,_Z,BTE,A,2017,317.025,,A,3,0
OECD.SDD.TPS:DSD_ALFS@DF_SUMTAB(1.0),SVN,EMP,PS,_Z,_T,Y_GE15,_Z,BTE,A,2000,340.175,,A,3,0
OECD.SDD.TPS:DSD_ALFS@DF_SUMTAB(1.0),SVN,EMP,PS,_Z,_T,Y_GE15,_Z,BTE,A,2001,349.6,,A,3,0
OECD.SDD.TPS:DSD_ALFS@DF_SUMTAB(1.0),SVN,EMP,PS,_Z,_T,Y_GE15,_Z,BTE,A,2002,349.525,,A,3,0
OECD.SDD.TPS:DSD_ALFS@DF_SUMTAB(1.0),SVN,EMP,PS,_Z,_T,Y_GE15,_Z,BTE,A,2003,336.575,,A,3,0
OECD.SDD.TPS:DSD_ALFS@DF_SUMTAB(1.0),SVN,EMP,PS,_Z,_T,Y_GE15,_Z,BTE,A,2018,324.95,,A,3,0
OECD.SDD.TPS:DSD_ALFS@DF_SUMTAB(1.0),SVN,EMP,PS,_Z,_T,Y_GE15,_Z,BTE,A,2019,333.175,,A,3,0
OECD.SDD.TPS:DSD_ALFS@DF_SUMTAB(1.0),SVN,EMP,PS,_Z,_T,Y_GE15,_Z,BTE,A,2005,350.15,,A,3,0
OECD.SDD.TPS:DSD_ALFS@DF_SUMTAB(1.0),SVN,EMP,PS,_Z,_T,Y_GE15,_Z,BTE,A,2006,339.575,,A,3,0
OECD.SDD.TPS:DSD_ALFS@DF_SUMTAB(1.0),SVN,EMP,PS,_Z,_T,Y_GE15,_Z,BTE,A,2007,343.35,,A,3,0
OECD.SDD.TPS:DSD_ALFS@DF_SUMTAB(1.0),SVN,EMP,PS,_Z,_T,Y_GE15,_Z,BTE,A,2008,348.225,,A,3,0
OECD.SDD.TPS:DSD_ALFS@DF_SUMTAB(1.0),SVN,EMP,PS,_Z,_T,Y_GE15,_Z,BTE,A,2009,323.45,,A,3,0
OECD.SDD.TPS:DSD_ALFS@DF_SUMTAB(1.0),SVN,EMP,PS,_Z,_T,Y_GE15,_Z,BTE,A,2010,313.5,,A,3,0
OECD.SDD.TPS:DSD_ALFS@DF_SUMTAB(1.0),SVN,EMP,PS,_Z,_T,Y_GE15,_Z,BTE,A,2011,294.975,,A,3,0
OECD.SDD.TPS:DSD_ALFS@DF_SUMTAB(1.0),SVN,EMP,PS,_Z,_T,Y_GE15,_Z,BTE,A,2012,284.55,,A,3,0
OECD.SDD.TPS:DSD_ALFS@DF_SUMTAB(1.0),SVN,EMP,PS,_Z,_T,Y_GE15,_Z,BTE,A,2021,290.225,,U,3,0
OECD.SDD.TPS:DSD_ALFS@DF_SUMTAB(1.0),SVN,EMP,PS,_Z,_T,Y_GE15,_Z,BTE,A,2022,295.95,,U,3,0
OECD.SDD.TPS:DSD_ALFS@DF_SUMTAB(1.0),FIN,EMP,PS,_Z,_T,Y_GE15,_Z,BTE,A,2007,639.25,,B,3,0
OECD.SDD.TPS:DSD_ALFS@DF_SUMTAB(1.0),FIN,EMP,PS,_Z,_T,Y_GE15,_Z,BTE,A,2000,642.5,,A,3,0
OECD.SDD.TPS:DSD_ALFS@DF_SUMTAB(1.0),FIN,EMP,PS,_Z,_T,Y_GE15,_Z,BTE,A,2011,566.275,,A,3,0
OECD.SDD.TPS:DSD_ALFS@DF_SUMTAB(1.0),FIN,EMP,PS,_Z,_T,Y_GE15,_Z,BTE,A,2012,563.375,,A,3,0
OECD.SDD.TPS:DSD_ALFS@DF_SUMTAB(1.0),FIN,EMP,PS,_Z,_T,Y_GE15,_Z,BTE,A,2013,558.875,,A,3,0
OECD.SDD.TPS:DSD_ALFS@DF_SUMTAB(1.0),FIN,EMP,PS,_Z,_T,Y_GE15,_Z,BTE,A,2014,533.35,,A,3,0
OECD.SDD.TPS:DSD_ALFS@DF_SUMTAB(1.0),FIN,EMP,PS,_Z,_T,Y_GE15,_Z,BTE,A,2015,526.95,,A,3,0
OECD.SDD.TPS:DSD_ALFS@DF_SUMTAB(1.0),FIN,EMP,PS,_Z,_T,Y_GE15,_Z,BTE,A,2016,540.575,,A,3,0
OECD.SDD.TPS:DSD_ALFS@DF_SUMTAB(1.0),FIN,EMP,PS,_Z,_T,Y_GE15,_Z,BTE,A,2001,642.025,,A,3,0
OECD.SDD.TPS:DSD_ALFS@DF_SUMTAB(1.0),FIN,EMP,PS,_Z,_T,Y_GE15,_Z,BTE,A,2002,639.225,,A,3,0
OECD.SDD.TPS:DSD_ALFS@DF_SUMTAB(1.0),FIN,EMP,PS,_Z,_T,Y_GE15,_Z,BTE,A,2017,546.875,,A,3,0
OECD.SDD.TPS:DSD_ALFS@DF_SUMTAB(1.0),FIN,EMP,PS,_Z,_T,Y_GE15,_Z,BTE,A,2018,565.7,,A,3,0
OECD.SDD.TPS:DSD_ALFS@DF_SUMTAB(1.0),FIN,EMP,PS,_Z,_T,Y_GE15,_Z,BTE,A,2019,553.575,,A,3,0
OECD.SDD.TPS:DSD_ALFS@DF_SUMTAB(1.0),FIN,EMP,PS,_Z,_T,Y_GE15,_Z,BTE,A,2021,545.825,,A,3,0
OECD.SDD.TPS:DSD_ALFS@DF_SUMTAB(1.0),FIN,EMP,PS,_Z,_T,Y_GE15,_Z,BTE,A,2022,557.825,,A,3,0
OECD.SDD.TPS:DSD_ALFS@DF_SUMTAB(1.0),FIN,EMP,PS,_Z,_T,Y_GE15,_Z,BTE,A,2003,620.4,,A,3,0
OECD.SDD.TPS:DSD_ALFS@DF_SUMTAB(1.0),FIN,EMP,PS,_Z,_T,Y_GE15,_Z,BTE,A,2005,618.15,,A,3,0
OECD.SDD.TPS:DSD_ALFS@DF_SUMTAB(1.0),FIN,EMP,PS,_Z,_T,Y_GE15,_Z,BTE,A,2006,625.75,,A,3,0
OECD.SDD.TPS:DSD_ALFS@DF_SUMTAB(1.0),FIN,EMP,PS,_Z,_T,Y_GE15,_Z,BTE,A,2008,633.525,,A,3,0
OECD.SDD.TPS:DSD_ALFS@DF_SUMTAB(1.0),FIN,EMP,PS,_Z,_T,Y_GE15,_Z,BTE,A,2009,586.125,,A,3,0
OECD.SDD.TPS:DSD_ALFS@DF_SUMTAB(1.0),FIN,EMP,PS,_Z,_T,Y_GE15,_Z,BTE,A,2010,567.575,,A,3,0
OECD.SDD.TPS:DSD_ALFS@DF_SUMTAB(1.0),FIN,EMP,PS,_Z,_T,Y_GE15,_Z,BTE,A,2020,553.5,,B,3,0
OECD.SDD.TPS:DSD_ALFS@DF_SUMTAB(1.0),GRC,EMP,PS,_Z,_T,Y_GE15,_Z,BTE,A,2007,1015.425,,B,3,0
OECD.SDD.TPS:DSD_ALFS@DF_SUMTAB(1.0),GRC,EMP,PS,_Z,_T,Y_GE15,_Z,BTE,A,2008,1024.4,,B,3,0
OECD.SDD.TPS:DSD_ALFS@DF_SUMTAB(1.0),GRC,EMP,PS,_Z,_T,Y_GE15,_Z,BTE,A,2012,611.225,,A,3,0
OECD.SDD.TPS:DSD_ALFS@DF_SUMTAB(1.0),GRC,EMP,PS,_Z,_T,Y_GE15,_Z,BTE,A,2013,546.625,,A,3,0
OECD.SDD.TPS:DSD_ALFS@DF_SUMTAB(1.0),GRC,EMP,PS,_Z,_T,Y_GE15,_Z,BTE,A,2014,529.65,,A,3,0
OECD.SDD.TPS:DSD_ALFS@DF_SUMTAB(1.0),GRC,EMP,PS,_Z,_T,Y_GE15,_Z,BTE,A,2015,539.425,,A,3,0
OECD.SDD.TPS:DSD_ALFS@DF_SUMTAB(1.0),GRC,EMP,PS,_Z,_T,Y_GE15,_Z,BTE,A,2016,560.0,,A,3,0
OECD.SDD.TPS:DSD_ALFS@DF_SUMTAB(1.0),GRC,EMP,PS,_Z,_T,Y_GE15,_Z,BTE,A,2017,578.225,,A,3,0
OECD.SDD.TPS:DSD_ALFS@DF_SUMTAB(1.0),GRC,EMP,PS,_Z,_T,Y_GE15,_Z,BTE,A,2000,930.425,,B,3,0
OECD.SDD.TPS:DSD_ALFS@DF_SUMTAB(1.0),GRC,EMP,PS,_Z,_T,Y_GE15,_Z,BTE,A,2001,940.25,,A,3,0
OECD.SDD.TPS:DSD_ALFS@DF_SUMTAB(1.0),GRC,EMP,PS,_Z,_T,Y_GE15,_Z,BTE,A,2002,953.325,,A,3,0
OECD.SDD.TPS:DSD_ALFS@DF_SUMTAB(1.0),GRC,EMP,PS,_Z,_T,Y_GE15,_Z,BTE,A,2018,583.7,,A,3,0
OECD.SDD.TPS:DSD_ALFS@DF_SUMTAB(1.0),GRC,EMP,PS,_Z,_T,Y_GE15,_Z,BTE,A,2019,599.95,,A,3,0
OECD.SDD.TPS:DSD_ALFS@DF_SUMTAB(1.0),GRC,EMP,PS,_Z,_T,Y_GE15,_Z,BTE,A,2021,600.125,,A,3,0
OECD.SDD.TPS:DSD_ALFS@DF_SUMTAB(1.0),GRC,EMP,PS,_Z,_T,Y_GE15,_Z,BTE,A,2022,643.5,,A,3,0
OECD.SDD.TPS:DSD_ALFS@DF_SUMTAB(1.0),GRC,EMP,PS,_Z,_T,Y_GE15,_Z,BTE,A,2023,668.525,,A,3,0
OECD.SDD.TPS:DSD_ALFS@DF_SUMTAB(1.0),GRC,EMP,PS,_Z,_T,Y_GE15,_Z,BTE,A,2005,979.95,,A,3,0
OECD.SDD.TPS:DSD_ALFS@DF_SUMTAB(1.0),GRC,EMP,PS,_Z,_T,Y_GE15,_Z,BTE,A,2006,983.25,,A,3,0
OECD.SDD.TPS:DSD_ALFS@DF_SUMTAB(1.0),DNK,EMP,PS,_Z,_T,Y_GE15,_Z,BTE,A,2004,642.225,,B,3,0
OECD.SDD.TPS:DSD_ALFS@DF_SUMTAB(1.0),DNK,EMP,PS,_Z,_T,Y_GE15,_Z,BTE,A,2007,650.275,,B,3,0
OECD.SDD.TPS:DSD_ALFS@DF_SUMTAB(1.0),DNK,EMP,PS,_Z,_T,Y_GE15,_Z,BTE,A,2015,528.95,,B,3,0
OECD.SDD.TPS:DSD_ALFS@DF_SUMTAB(1.0),DNK,EMP,PS,_Z,_T,Y_GE15,_Z,BTE,A,2001,685.525,,A,3,0
OECD.SDD.TPS:DSD_ALFS@DF_SUMTAB(1.0),DNK,EMP,PS,_Z,_T,Y_GE15,_Z,BTE,A,2002,658.15,,A,3,0
OECD.SDD.TPS:DSD_ALFS@DF_SUMTAB(1.0),DNK,EMP,PS,_Z,_T,Y_GE15,_Z,BTE,A,2003,643.425,,A,3,0
OECD.SDD.TPS:DSD_ALFS@DF_SUMTAB(1.0),DNK,EMP,PS,_Z,_T,Y_GE15,_Z,BTE,A,2018,534.45,,A,3,0
OECD.SDD.TPS:DSD_ALFS@DF_SUMTAB(1.0),DNK,EMP,PS,_Z,_T,Y_GE15,_Z,BTE,A,2019,531.875,,A,3,0
OECD.SDD.TPS:DSD_ALFS@DF_SUMTAB(1.0),DNK,EMP,PS,_Z,_T,Y_GE15,_Z,BTE,A,2020,535.325,,A,3,0
OECD.SDD.TPS:DSD_ALFS@DF_SUMTAB(1.0),DNK,EMP,PS,_Z,_T,Y_GE15,_Z,BTE,A,2021,557.7,,U,3,0
OECD.SDD.TPS:DSD_ALFS@DF_SUMTAB(1.0),DNK,EMP,PS,_Z,_T,Y_GE15,_Z,BTE,A,2022,566.575,,U,3,0
OECD.SDD.TPS:DSD_ALFS@DF_SUMTAB(1.0),EA19,EMP,PS,_Z,_T,Y_GE15,_Z,BTE,A,2011,35314.75,,A,3,0
OECD.SDD.TPS:DSD_ALFS@DF_SUMTAB(1.0),EA19,EMP,PS,_Z,_T,Y_GE15,_Z,BTE,A,2012,34489.0,,A,3,0
OECD.SDD.TPS:DSD_ALFS@DF_SUMTAB(1.0),EA19,EMP,PS,_Z,_T,Y_GE15,_Z,BTE,A,2013,33583.4,,A,3,0
OECD.SDD.TPS:DSD_ALFS@DF_SUMTAB(1.0),EA19,EMP,PS,_Z,_T,Y_GE15,_Z,BTE,A,2020,34881.43,,B,3,0
OECD.SDD.TPS:DSD_ALFS@DF_SUMTAB(1.0),EA19,EMP,PS,_Z,_T,Y_GE15,_Z,BTE,A,2004,38818.9,,B,3,0
OECD.SDD.TPS:DSD_ALFS@DF_SUMTAB(1.0),LUX,EMP,PS,_Z,_T,Y_GE15,_Z,BTE,A,2008,28.575,,B,3,0
OECD.SDD.TPS:DSD_ALFS@DF_SUMTAB(1.0),LUX,EMP,PS,_Z,_T,Y_GE15,_Z,BTE,A,2014,24.4,,B,3,0
OECD.SDD.TPS:DSD_ALFS@DF_SUMTAB(1.0),LUX,EMP,PS,_Z,_T,Y_GE15,_Z,BTE,A,2018,27.6,,A,3,0
OECD.SDD.TPS:DSD_ALFS@DF_SUMTAB(1.0),LUX,EMP,PS,_Z,_T,Y_GE15,_Z,BTE,A,2019,27.2,,A,3,0
OECD.SDD.TPS:DSD_ALFS@DF_SUMTAB(1.0),LUX,EMP,PS,_Z,_T,Y_GE15,_Z,BTE,A,2021,25.5,,A,3,0
OECD.SDD.TPS:DSD_ALFS@DF_SUMTAB(1.0),LUX,EMP,PS,_Z,_T,Y_GE15,_Z,BTE,A,2022,24.1,,A,3,0
OECD.SDD.TPS:DSD_ALFS@DF_SUMTAB(1.0),LUX,EMP,PS,_Z,_T,Y_GE15,_Z,BTE,A,2023,26.025,,A,3,0
OECD.SDD.TPS:DSD_ALFS@DF_SUMTAB(1.0),LUX,EMP,PS,_Z,_T,Y_GE15,_Z,BTE,A,2005,33.4,,A,3,0
OECD.SDD.TPS:DSD_ALFS@DF_SUMTAB(1.0),LUX,EMP,PS,_Z,_T,Y_GE15,_Z,BTE,A,2020,26.725,,B,3,0
OECD.SDD.TPS:DSD_ALFS@DF_SUMTAB(1.0),LUX,EMP,PS,_Z,_T,Y_GE15,_Z,BTE,A,2004,35.4,,B,3,0
OECD.SDD.TPS:DSD_ALFS@DF_SUMTAB(1.0),LUX,EMP,PS,_Z,_T,Y_GE15,_Z,BTE,A,2006,32.6,,B,3,0
OECD.SDD.TPS:DSD_ALFS@DF_SUMTAB(1.0),LUX,EMP,PS,_Z,_T,Y_GE15,_Z,BTE,A,2016,25.775,,A,3,0
OECD.SDD.TPS:DSD_ALFS@DF_SUMTAB(1.0),LUX,EMP,PS,_Z,_T,Y_GE15,_Z,BTE,A,2007,34.3,,A,3,0
OECD.SDD.TPS:DSD_ALFS@DF_SUMTAB(1.0),LUX,EMP,PS,_Z,_T,Y_GE15,_Z,BTE,A,2009,25.75,,A,3,0
OECD.SDD.TPS:DSD_ALFS@DF_SUMTAB(1.0),LUX,EMP,PS,_Z,_T,Y_GE15,_Z,BTE,A,2010,26.45,,A,3,0
OECD.SDD.TPS:DSD_ALFS@DF_SUMTAB(1.0),LUX,EMP,PS,_Z,_T,Y_GE15,_Z,BTE,A,2011,27.575,,A,3,0
OECD.SDD.TPS:DSD_ALFS@DF_SUMTAB(1.0),LUX,EMP,PS,_Z,_T,Y_GE15,_Z,BTE,A,2012,27.3,,A,3,0
OECD.SDD.TPS:DSD_ALFS@DF_SUMTAB(1.0),LUX,EMP,PS,_Z,_T,Y_GE15,_Z,BTE,A,2013,25.5,,A,3,0
OECD.SDD.TPS:DSD_ALFS@DF_SUMTAB(1.0),LUX,EMP,PS,_Z,_T,Y_GE15,_Z,BTE,A,2015,26.825,,A,3,0
OECD.SDD.TPS:DSD_ALFS@DF_SUMTAB(1.0),LUX,EMP,PS,_Z,_T,Y_GE15,_Z,BTE,A,2017,23.125,,A,3,0
OECD.SDD.TPS:DSD_ALFS@DF_SUMTAB(1.0),CAN,EMP,PS,_Z,_T,Y_GE15,_Z,BTE,A,2022,3752.392,,A,3,0
OECD.SDD.TPS:DSD_ALFS@DF_SUMTAB(1.0),CAN,EMP,PS,_Z,_T,Y_GE15,_Z,BTE,A,2005,3562.317,,A,3,0
OECD.SDD.TPS:DSD_ALFS@DF_SUMTAB(1.0),CAN,EMP,PS,_Z,_T,Y_GE15,_Z,BTE,A,2007,3560.725,,A,3,0
OECD.SDD.TPS:DSD_ALFS@DF_SUMTAB(1.0),CAN,EMP,PS,_Z,_T,Y_GE15,_Z,BTE,A,2008,3586.758,,A,3,0
OECD.SDD.TPS:DSD_ALFS@DF_SUMTAB(1.0),CAN,EMP,PS,_Z,_T,Y_GE15,_Z,BTE,A,2023,3823.567,,A,3,0
OECD.SDD.TPS:DSD_ALFS@DF_SUMTAB(1.0),CAN,EMP,PS,_Z,_T,Y_GE15,_Z,BTE,A,2004,3569.967,,A,3,0
OECD.SDD.TPS:DSD_ALFS@DF_SUMTAB(1.0),CAN,EMP,PS,_Z,_T,Y_GE15,_Z,BTE,A,2009,3356.425,,A,3,0
OECD.SDD.TPS:DSD_ALFS@DF_SUMTAB(1.0),CAN,EMP,PS,_Z,_T,Y_GE15,_Z,BTE,A,2010,3368.225,,A,3,0
OECD.SDD.TPS:DSD_ALFS@DF_SUMTAB(1.0),CAN,EMP,PS,_Z,_T,Y_GE15,_Z,BTE,A,2011,3461.975,,A,3,0
OECD.SDD.TPS:DSD_ALFS@DF_SUMTAB(1.0),CAN,EMP,PS,_Z,_T,Y_GE15,_Z,BTE,A,2012,3541.75,,A,3,0
OECD.SDD.TPS:DSD_ALFS@DF_SUMTAB(1.0),CAN,EMP,PS,_Z,_T,Y_GE15,_Z,BTE,A,2013,3543.325,,A,3,0
OECD.SDD.TPS:DSD_ALFS@DF_SUMTAB(1.0),CAN,EMP,PS,_Z,_T,Y_GE15,_Z,BTE,A,2014,3534.05,,A,3,0
OECD.SDD.TPS:DSD_ALFS@DF_SUMTAB(1.0),CAN,EMP,PS,_Z,_T,Y_GE15,_Z,BTE,A,2015,3522.008,,A,3,0
OECD.SDD.TPS:DSD_ALFS@DF_SUMTAB(1.0),CAN,EMP,PS,_Z,_T,Y_GE15,_Z,BTE,A,2016,3503.483,,A,3,0
OECD.SDD.TPS:DSD_ALFS@DF_SUMTAB(1.0),CAN,EMP,PS,_Z,_T,Y_GE15,_Z,BTE,A,2017,3569.625,,A,3,0
OECD.SDD.TPS:DSD_ALFS@DF_SUMTAB(1.0),CAN,EMP,PS,_Z,_T,Y_GE15,_Z,BTE,A,2018,3622.633,,A,3,0
OECD.SDD.TPS:DSD_ALFS@DF_SUMTAB(1.0),CAN,EMP,PS,_Z,_T,Y_GE15,_Z,BTE,A,2019,3627.008,,A,3,0
OECD.SDD.TPS:DSD_ALFS@DF_SUMTAB(1.0),CAN,EMP,PS,_Z,_T,Y_GE15,_Z,BTE,A,2020,3448.092,,A,3,0
OECD.SDD.TPS:DSD_ALFS@DF_SUMTAB(1.0),CAN,EMP,PS,_Z,_T,Y_GE15,_Z,BTE,A,2006,3555.375,,A,3,0
OECD.SDD.TPS:DSD_ALFS@DF_SUMTAB(1.0),CAN,EMP,PS,_Z,_T,Y_GE15,_Z,BTE,A,2000,3324.208,,A,3,0
OECD.SDD.TPS:DSD_ALFS@DF_SUMTAB(1.0),CAN,EMP,PS,_Z,_T,Y_GE15,_Z,BTE,A,2001,3343.817,,A,3,0
OECD.SDD.TPS:DSD_ALFS@DF_SUMTAB(1.0),CAN,EMP,PS,_Z,_T,Y_GE15,_Z,BTE,A,2002,3452.5,,A,3,0
OECD.SDD.TPS:DSD_ALFS@DF_SUMTAB(1.0),CAN,EMP,PS,_Z,_T,Y_GE15,_Z,BTE,A,2003,3495.767,,A,3,0
OECD.SDD.TPS:DSD_ALFS@DF_SUMTAB(1.0),IRL,EMP,PS,_Z,_T,Y_GE15,_Z,BTE,A,2020,429.825,,B,3,0
OECD.SDD.TPS:DSD_ALFS@DF_SUMTAB(1.0),IRL,EMP,PS,_Z,_T,Y_GE15,_Z,BTE,A,2004,515.525,,B,3,0
OECD.SDD.TPS:DSD_ALFS@DF_SUMTAB(1.0),IRL,EMP,PS,_Z,_T,Y_GE15,_Z,BTE,A,2012,318.875,,A,3,0
OECD.SDD.TPS:DSD_ALFS@DF_SUMTAB(1.0),IRL,EMP,PS,_Z,_T,Y_GE15,_Z,BTE,A,2013,333.575,,A,3,0
OECD.SDD.TPS:DSD_ALFS@DF_SUMTAB(1.0),IRL,EMP,PS,_Z,_T,Y_GE15,_Z,BTE,A,2014,343.525,,A,3,0
OECD.SDD.TPS:DSD_ALFS@DF_SUMTAB(1.0),IRL,EMP,PS,_Z,_T,Y_GE15,_Z,BTE,A,2015,371.475,,A,3,0
OECD.SDD.TPS:DSD_ALFS@DF_SUMTAB(1.0),IRL,EMP,PS,_Z,_T,Y_GE15,_Z,BTE,A,2016,394.325,,A,3,0
OECD.SDD.TPS:DSD_ALFS@DF_SUMTAB(1.0),IRL,EMP,PS,_Z,_T,Y_GE15,_Z,BTE,A,2000,486.6,,A,3,0
OECD.SDD.TPS:DSD_ALFS@DF_SUMTAB(1.0),IRL,EMP,PS,_Z,_T,Y_GE15,_Z,BTE,A,2006,564.375,,B,3,0
OECD.SDD.TPS:DSD_ALFS@DF_SUMTAB(1.0),IRL,EMP,PS,_Z,_T,Y_GE15,_Z,BTE,A,2017,411.95,,B,3,0
OECD.SDD.TPS:DSD_ALFS@DF_SUMTAB(1.0),IRL,EMP,PS,_Z,_T,Y_GE15,_Z,BTE,A,2001,504.15,,A,3,0
OECD.SDD.TPS:DSD_ALFS@DF_SUMTAB(1.0),IRL,EMP,PS,_Z,_T,Y_GE15,_Z,BTE,A,2002,496.425,,A,3,0
OECD.SDD.TPS:DSD_ALFS@DF_SUMTAB(1.0),IRL,EMP,PS,_Z,_T,Y_GE15,_Z,BTE,A,2003,499.5,,A,3,0
OECD.SDD.TPS:DSD_ALFS@DF_SUMTAB(1.0),IRL,EMP,PS,_Z,_T,Y_GE15,_Z,BTE,A,2018,423.2,,A,3,0
OECD.SDD.TPS:DSD_ALFS@DF_SUMTAB(1.0),IRL,EMP,PS,_Z,_T,Y_GE15,_Z,BTE,A,2019,434.7,,A,3,0
OECD.SDD.TPS:DSD_ALFS@DF_SUMTAB(1.0),IRL,EMP,PS,_Z,_T,Y_GE15,_Z,BTE,A,2005,538.775,,A,3,0
OECD.SDD.TPS:DSD_ALFS@DF_SUMTAB(1.0),IRL,EMP,PS,_Z,_T,Y_GE15,_Z,BTE,A,2007,577.475,,A,3,0
OECD.SDD.TPS:DSD_ALFS@DF_SUMTAB(1.0),IRL,EMP,PS,_Z,_T,Y_GE15,_Z,BTE,A,2008,510.15,,A,3,0
OECD.SDD.TPS:DSD_ALFS@DF_SUMTAB(1.0),IRL,EMP,PS,_Z,_T,Y_GE15,_Z,BTE,A,2009,398.575,,A,3,0
OECD.SDD.TPS:DSD_ALFS@DF_SUMTAB(1.0),IRL,EMP,PS,_Z,_T,Y_GE15,_Z,BTE,A,2010,346.675,,A,3,0
OECD.SDD.TPS:DSD_ALFS@DF_SUMTAB(1.0),IRL,EMP,PS,_Z,_T,Y_GE15,_Z,BTE,A,2011,328.7,,A,3,0
OECD.SDD.TPS:DSD_ALFS@DF_SUMTAB(1.0),IRL,EMP,PS,_Z,_T,Y_GE15,_Z,BTE,A,2021,452.175,,U,3,0
OECD.SDD.TPS:DSD_ALFS@DF_SUMTAB(1.0),IRL,EMP,PS,_Z,_T,Y_GE15,_Z,BTE,A,2022,494.175,,U,3,0
OECD.SDD.TPS:DSD_ALFS@DF_SUMTAB(1.0),CZE,EMP,PS,_Z,_T,Y_GE15,_Z,BTE,A,2010,1855.625,,B,3,0
OECD.SDD.TPS:DSD_ALFS@DF_SUMTAB(1.0),CZE,EMP,PS,_Z,_T,Y_GE15,_Z,BTE,A,2001,1892.375,,A,3,0
OECD.SDD.TPS:DSD_ALFS@DF_SUMTAB(1.0),CZE,EMP,PS,_Z,_T,Y_GE15,_Z,BTE,A,2013,1851.95,,A,3,0
OECD.SDD.TPS:DSD_ALFS@DF_SUMTAB(1.0),CZE,EMP,PS,_Z,_T,Y_GE15,_Z,BTE,A,2014,1892.1,,A,3,0
OECD.SDD.TPS:DSD_ALFS@DF_SUMTAB(1.0),CZE,EMP,PS,_Z,_T,Y_GE15,_Z,BTE,A,2015,1917.075,,A,3,0
OECD.SDD.TPS:DSD_ALFS@DF_SUMTAB(1.0),CZE,EMP,PS,_Z,_T,Y_GE15,_Z,BTE,A,2016,1956.1,,A,3,0
OECD.SDD.TPS:DSD_ALFS@DF_SUMTAB(1.0),CZE,EMP,PS,_Z,_T,Y_GE15,_Z,BTE,A,2017,1986.875,,A,3,0
OECD.SDD.TPS:DSD_ALFS@DF_SUMTAB(1.0),CZE,EMP,PS,_Z,_T,Y_GE15,_Z,BTE,A,2000,1868.1,,A,3,0
OECD.SDD.TPS:DSD_ALFS@DF_SUMTAB(1.0),CZE,EMP,PS,_Z,_T,Y_GE15,_Z,BTE,A,2002,1888.025,,A,3,0
OECD.SDD.TPS:DSD_ALFS@DF_SUMTAB(1.0),CZE,EMP,PS,_Z,_T,Y_GE15,_Z,BTE,A,2003,1863.05,,A,3,0
OECD.SDD.TPS:DSD_ALFS@DF_SUMTAB(1.0),CZE,EMP,PS,_Z,_T,Y_GE15,_Z,BTE,A,2018,1984.95,,A,3,0
OECD.SDD.TPS:DSD_ALFS@DF_SUMTAB(1.0),CZE,EMP,PS,_Z,_T,Y_GE15,_Z,BTE,A,2019,1975.45,,A,3,0
OECD.SDD.TPS:DSD_ALFS@DF_SUMTAB(1.0),CZE,EMP,PS,_Z,_T,Y_GE15,_Z,BTE,A,2020,1949.775,,A,3,0
OECD.SDD.TPS:DSD_ALFS@DF_SUMTAB(1.0),CZE,EMP,PS,_Z,_T,Y_GE15,_Z,BTE,A,2022,1885.35,,A,3,0
OECD.SDD.TPS:DSD_ALFS@DF_SUMTAB(1.0),CZE,EMP,PS,_Z,_T,Y_GE15,_Z,BTE,A,2023,1805.925,,A,3,0
OECD.SDD.TPS:DSD_ALFS@DF_SUMTAB(1.0),CZE,EMP,PS,_Z,_T,Y_GE15,_Z,BTE,A,2005,1880.475,,A,3,0
OECD.SDD.TPS:DSD_ALFS@DF_SUMTAB(1.0),CZE,EMP,PS,_Z,_T,Y_GE15,_Z,BTE,A,2006,1929.375,,A,3,0
OECD.SDD.TPS:DSD_ALFS@DF_SUMTAB(1.0),CZE,EMP,PS,_Z,_T,Y_GE15,_Z,BTE,A,2008,2027.25,,A,3,0
OECD.SDD.TPS:DSD_ALFS@DF_SUMTAB(1.0),CZE,EMP,PS,_Z,_T,Y_GE15,_Z,BTE,A,2009,1903.125,,A,3,0
OECD.SDD.TPS:DSD_ALFS@DF_SUMTAB(1.0),CZE,EMP,PS,_Z,_T,Y_GE15,_Z,BTE,A,2011,1873.425,,A,3,0
OECD.SDD.TPS:DSD_ALFS@DF_SUMTAB(1.0),CZE,EMP,PS,_Z,_T,Y_GE15,_Z,BTE,A,2012,1864.2,,A,3,0
OECD.SDD.TPS:DSD_ALFS@DF_SUMTAB(1.0),CZE,EMP,PS,_Z,_T,Y_GE15,_Z,BTE,A,2021,1921.075,,B,3,0
OECD.SDD.TPS:DSD_ALFS@DF_SUMTAB(1.0),CZE,EMP,PS,_Z,_T,Y_GE15,_Z,BTE,A,2004,1844.4,,B,3,0
OECD.SDD.TPS:DSD_ALFS@DF_SUMTAB(1.0),DEU,EMP,PS,_Z,_T,Y_GE15,_Z,BTE,A,2023,11404.95,,U,3,0
OECD.SDD.TPS:DSD_ALFS@DF_SUMTAB(1.0),DEU,EMP,PS,_Z,_T,Y_GE15,_Z,BTE,A,2019,11524.83,,B,3,0
OECD.SDD.TPS:DSD_ALFS@DF_SUMTAB(1.0),DEU,EMP,PS,_Z,_T,Y_GE15,_Z,BTE,A,2011,10951.55,,A,3,0
OECD.SDD.TPS:DSD_ALFS@DF_SUMTAB(1.0),DEU,EMP,PS,_Z,_T,Y_GE15,_Z,BTE,A,2012,11030.88,,A,3,0
OECD.SDD.TPS:DSD_ALFS@DF_SUMTAB(1.0),DEU,EMP,PS,_Z,_T,Y_GE15,_Z,BTE,A,2013,10980.72,,A,3,0
OECD.SDD.TPS:DSD_ALFS@DF_SUMTAB(1.0),DEU,EMP,PS,_Z,_T,Y_GE15,_Z,BTE,A,2014,11184.38,,A,3,0
OECD.SDD.TPS:DSD_ALFS@DF_SUMTAB(1.0),DEU,EMP,PS,_Z,_T,Y_GE15,_Z,BTE,A,2015,11133.88,,A,3,0
OECD.SDD.TPS:DSD_ALFS@DF_SUMTAB(1.0),DEU,EMP,PS,_Z,_T,Y_GE15,_Z,BTE,A,2016,11299.13,,A,3,0
OECD.SDD.TPS:DSD_ALFS@DF_SUMTAB(1.0),COL,EMP,PS,_Z,_T,Y_GE15,_Z,BTE,A,2017,4315.087,,A,3,0
OECD.SDD.TPS:DSD_ALFS@DF_SUMTAB(1.0),COL,EMP,PS,_Z,_T,Y_GE15,_Z,BTE,A,2009,3538.647,,A,3,0
OECD.SDD.TPS:DSD_ALFS@DF_SUMTAB(1.0),COL,EMP,PS,_Z,_T,Y_GE15,_Z,BTE,A,2010,3682.0,,A,3,0
OECD.SDD.TPS:DSD_ALFS@DF_SUMTAB(1.0),COL,EMP,PS,_Z,_T,Y_GE15,_Z,BTE,A,2011,3929.0,,A,3,0
OECD.SDD.TPS:DSD_ALFS@DF_SUMTAB(1.0),COL,EMP,PS,_Z,_T,Y_GE15,_Z,BTE,A,2012,4044.0,,A,3,0
OECD.SDD.TPS:DSD_ALFS@DF_SUMTAB(1.0),COL,EMP,PS,_Z,_T,Y_GE15,_Z,BTE,A,2013,3882.0,,A,3,0
OECD.SDD.TPS:DSD_ALFS@DF_SUMTAB(1.0),COL,EMP,PS,_Z,_T,Y_GE15,_Z,BTE,A,2015,4408.407,,A,3,0
OECD.SDD.TPS:DSD_ALFS@DF_SUMTAB(1.0),COL,EMP,PS,_Z,_T,Y_GE15,_Z,BTE,A,2002,3139.891,,A,3,0
OECD.SDD.TPS:DSD_ALFS@DF_SUMTAB(1.0),COL,EMP,PS,_Z,_T,Y_GE15,_Z,BTE,A,2003,3211.164,,A,3,0
OECD.SDD.TPS:DSD_ALFS@DF_SUMTAB(1.0),COL,EMP,PS,_Z,_T,Y_GE15,_Z,BTE,A,2018,4358.467,,A,3,0
OECD.SDD.TPS:DSD_ALFS@DF_SUMTAB(1.0),COL,EMP,PS,_Z,_T,Y_GE15,_Z,BTE,A,2019,4354.813,,A,3,0
OECD.SDD.TPS:DSD_ALFS@DF_SUMTAB(1.0),COL,EMP,PS,_Z,_T,Y_GE15,_Z,BTE,A,2020,3943.606,,A,3,0
OECD.SDD.TPS:DSD_ALFS@DF_SUMTAB(1.0),COL,EMP,PS,_Z,_T,Y_GE15,_Z,BTE,A,2021,4083.785,,A,3,0
OECD.SDD.TPS:DSD_ALFS@DF_SUMTAB(1.0),COL,EMP,PS,_Z,_T,Y_GE15,_Z,BTE,A,2022,4478.025,,A,3,0
OECD.SDD.TPS:DSD_ALFS@DF_SUMTAB(1.0),COL,EMP,PS,_Z,_T,Y_GE15,_Z,BTE,A,2023,4555.57,,A,3,0
OECD.SDD.TPS:DSD_ALFS@DF_SUMTAB(1.0),COL,EMP,PS,_Z,_T,Y_GE15,_Z,BTE,A,2004,3347.448,,A,3,0
OECD.SDD.TPS:DSD_ALFS@DF_SUMTAB(1.0),COL,EMP,PS,_Z,_T,Y_GE15,_Z,BTE,A,2005,3415.978,,A,3,0
OECD.SDD.TPS:DSD_ALFS@DF_SUMTAB(1.0),RUS,EMP,PS,_Z,_T,Y_GE15,_Z,BTE,A,2001,19652.15,,A,3,0
OECD.SDD.TPS:DSD_ALFS@DF_SUMTAB(1.0),RUS,EMP,PS,_Z,_T,Y_GE15,_Z,BTE,A,2002,20109.78,,A,3,0
OECD.SDD.TPS:DSD_ALFS@DF_SUMTAB(1.0),RUS,EMP,PS,_Z,_T,Y_GE15,_Z,BTE,A,2003,20054.59,,A,3,0
OECD.SDD.TPS:DSD_ALFS@DF_SUMTAB(1.0),RUS,EMP,PS,_Z,_T,Y_GE15,_Z,BTE,A,2005,19996.86,,A,3,0
OECD.SDD.TPS:DSD_ALFS@DF_SUMTAB(1.0),RUS,EMP,PS,_Z,_T,Y_GE15,_Z,BTE,A,2006,19997.06,,A,3,0
OECD.SDD.TPS:DSD_ALFS@DF_SUMTAB(1.0),MEX,EMP,PS,_Z,_T,Y_GE15,_Z,BTE,A,2006,11191.3,,A,3,0
OECD.SDD.TPS:DSD_ALFS@DF_SUMTAB(1.0),MEX,EMP,PS,_Z,_T,Y_GE15,_Z,BTE,A,2007,11417.7,,A,3,0
OECD.SDD.TPS:DSD_ALFS@DF_SUMTAB(1.0),MEX,EMP,PS,_Z,_T,Y_GE15,_Z,BTE,A,2008,11297.48,,A,3,0
OECD.SDD.TPS:DSD_ALFS@DF_SUMTAB(1.0),MEX,EMP,PS,_Z,_T,Y_GE15,_Z,BTE,A,2009,10858.86,,A,3,0
OECD.SDD.TPS:DSD_ALFS@DF_SUMTAB(1.0),MEX,EMP,PS,_Z,_T,Y_GE15,_Z,BTE,A,2010,11054.57,,A,3,0
OECD.SDD.TPS:DSD_ALFS@DF_SUMTAB(1.0),MEX,EMP,PS,_Z,_T,Y_GE15,_Z,BTE,A,2011,11237.0,,A,3,0
OECD.SDD.TPS:DSD_ALFS@DF_SUMTAB(1.0),MEX,EMP,PS,_Z,_T,Y_GE15,_Z,BTE,A,2012,11489.0,,A,3,0
OECD.SDD.TPS:DSD_ALFS@DF_SUMTAB(1.0),MEX,EMP,PS,_Z,_T,Y_GE15,_Z,BTE,A,2013,11743.5,,A,3,0
OECD.SDD.TPS:DSD_ALFS@DF_SUMTAB(1.0),MEX,EMP,PS,_Z,_T,Y_GE15,_Z,BTE,A,2020,12698.25,,E,3,0
OECD.SDD.TPS:DSD_ALFS@DF_SUMTAB(1.0),MEX,EMP,PS,_Z,_T,Y_GE15,_Z,BTE,A,2014,12026.37,,A,3,0
OECD.SDD.TPS:DSD_ALFS@DF_SUMTAB(1.0),MEX,EMP,PS,_Z,_T,Y_GE15,_Z,BTE,A,2015,12503.69,,A,3,0
OECD.SDD.TPS:DSD_ALFS@DF_SUMTAB(1.0),MEX,EMP,PS,_Z,_T,Y_GE15,_Z,BTE,A,2016,13056.79,,A,3,0
OECD.SDD.TPS:DSD_ALFS@DF_SUMTAB(1.0),MEX,EMP,PS,_Z,_T,Y_GE15,_Z,BTE,A,2017,13377.07,,A,3,0
OECD.SDD.TPS:DSD_ALFS@DF_SUMTAB(1.0),MEX,EMP,PS,_Z,_T,Y_GE15,_Z,BTE,A,2018,13694.29,,A,3,0
OECD.SDD.TPS:DSD_ALFS@DF_SUMTAB(1.0),MEX,EMP,PS,_Z,_T,Y_GE15,_Z,BTE,A,2019,13811.56,,A,3,0
OECD.SDD.TPS:DSD_ALFS@DF_SUMTAB(1.0),MEX,EMP,PS,_Z,_T,Y_GE15,_Z,BTE,A,2021,13843.85,,A,3,0
OECD.SDD.TPS:DSD_ALFS@DF_SUMTAB(1.0),MEX,EMP,PS,_Z,_T,Y_GE15,_Z,BTE,A,2022,14366.4,,A,3,0
OECD.SDD.TPS:DSD_ALFS@DF_SUMTAB(1.0),EU27_2020,EMP,PS,_Z,_T,Y_GE15,_Z,BTE,A,2003,57973.4,,A,3,0
OECD.SDD.TPS:DSD_ALFS@DF_SUMTAB(1.0),EU27_2020,EMP,PS,_Z,_T,Y_GE15,_Z,BTE,A,2018,49296.3,,A,3,0
OECD.SDD.TPS:DSD_ALFS@DF_SUMTAB(1.0),EU27_2020,EMP,PS,_Z,_T,Y_GE15,_Z,BTE,A,2014,46808.02,,A,3,0
OECD.SDD.TPS:DSD_ALFS@DF_SUMTAB(1.0),EU27_2020,EMP,PS,_Z,_T,Y_GE15,_Z,BTE,A,2015,47108.18,,A,3,0
OECD.SDD.TPS:DSD_ALFS@DF_SUMTAB(1.0),EU27_2020,EMP,PS,_Z,_T,Y_GE15,_Z,BTE,A,2016,47806.0,,A,3,0
OECD.SDD.TPS:DSD_ALFS@DF_SUMTAB(1.0),EU27_2020,EMP,PS,_Z,_T,Y_GE15,_Z,BTE,A,2017,48713.23,,A,3,0
OECD.SDD.TPS:DSD_ALFS@DF_SUMTAB(1.0),EU27_2020,EMP,PS,_Z,_T,Y_GE15,_Z,BTE,A,2000,59244.6,,A,3,0
OECD.SDD.TPS:DSD_ALFS@DF_SUMTAB(1.0),EU27_2020,EMP,PS,_Z,_T,Y_GE15,_Z,BTE,A,2001,59421.7,,A,3,0
OECD.SDD.TPS:DSD_ALFS@DF_SUMTAB(1.0),EU27_2020,EMP,PS,_Z,_T,Y_GE15,_Z,BTE,A,2019,49656.63,,A,3,0
OECD.SDD.TPS:DSD_ALFS@DF_SUMTAB(1.0),EU27_2020,EMP,PS,_Z,_T,Y_GE15,_Z,BTE,A,2021,48865.02,,A,3,0
OECD.SDD.TPS:DSD_ALFS@DF_SUMTAB(1.0),EU27_2020,EMP,PS,_Z,_T,Y_GE15,_Z,BTE,A,2022,49635.63,,A,3,0
OECD.SDD.TPS:DSD_ALFS@DF_SUMTAB(1.0),EU27_2020,EMP,PS,_Z,_T,Y_GE15,_Z,BTE,A,2023,49711.8,,A,3,0
OECD.SDD.TPS:DSD_ALFS@DF_SUMTAB(1.0),EU27_2020,EMP,PS,_Z,_T,Y_GE15,_Z,BTE,A,2004,57725.8,,A,3,0
OECD.SDD.TPS:DSD_ALFS@DF_SUMTAB(1.0),EU27_2020,EMP,PS,_Z,_T,Y_GE15,_Z,BTE,A,2005,58034.68,,A,3,0
OECD.SDD.TPS:DSD_ALFS@DF_SUMTAB(1.0),EU27_2020,EMP,PS,_Z,_T,Y_GE15,_Z,BTE,A,2006,59082.9,,A,3,0
OECD.SDD.TPS:DSD_ALFS@DF_SUMTAB(1.0),EU27_2020,EMP,PS,_Z,_T,Y_GE15,_Z,BTE,A,2008,54312.38,,A,3,0
OECD.SDD.TPS:DSD_ALFS@DF_SUMTAB(1.0),EU27_2020,EMP,PS,_Z,_T,Y_GE15,_Z,BTE,A,2009,51025.13,,A,3,0
OECD.SDD.TPS:DSD_ALFS@DF_SUMTAB(1.0),EU27_2020,EMP,PS,_Z,_T,Y_GE15,_Z,BTE,A,2010,48742.57,,A,3,0
OECD.SDD.TPS:DSD_ALFS@DF_SUMTAB(1.0),EU27_2020,EMP,PS,_Z,_T,Y_GE15,_Z,BTE,A,2011,48391.57,,A,3,0
OECD.SDD.TPS:DSD_ALFS@DF_SUMTAB(1.0),EU27_2020,EMP,PS,_Z,_T,Y_GE15,_Z,BTE,A,2012,47448.25,,A,3,0
OECD.SDD.TPS:DSD_ALFS@DF_SUMTAB(1.0),EU27_2020,EMP,PS,_Z,_T,Y_GE15,_Z,BTE,A,2013,46488.77,,A,3,0
OECD.SDD.TPS:DSD_ALFS@DF_SUMTAB(1.0),EU27_2020,EMP,PS,_Z,_T,Y_GE15,_Z,BTE,A,2020,48830.1,,B,3,0
OECD.SDD.TPS:DSD_ALFS@DF_SUMTAB(1.0),EU27_2020,EMP,PS,_Z,_T,Y_GE15,_Z,BTE,A,2007,60365.32,,B,3,0
OECD.SDD.TPS:DSD_ALFS@DF_SUMTAB(1.0),BEL,EMP,PS,_Z,_T,Y_GE15,_Z,BTE,A,2020,981.725,,E,3,0
OECD.SDD.TPS:DSD_ALFS@DF_SUMTAB(1.0),BEL,EMP,PS,_Z,_T,Y_GE15,_Z,BTE,A,2021,941.3,,E,3,0
OECD.SDD.TPS:DSD_ALFS@DF_SUMTAB(1.0),BEL,EMP,PS,_Z,_T,Y_GE15,_Z,BTE,A,2006,1052.725,,A,3,0
OECD.SDD.TPS:DSD_ALFS@DF_SUMTAB(1.0),BEL,EMP,PS,_Z,_T,Y_GE15,_Z,BTE,A,2008,1096.825,,A,3,0
OECD.SDD.TPS:DSD_ALFS@DF_SUMTAB(1.0),BEL,EMP,PS,_Z,_T,Y_GE15,_Z,BTE,A,2011,1047.175,,A,3,0
OECD.SDD.TPS:DSD_ALFS@DF_SUMTAB(1.0),BEL,EMP,PS,_Z,_T,Y_GE15,_Z,BTE,A,2009,1037.75,,A,3,0
OECD.SDD.TPS:DSD_ALFS@DF_SUMTAB(1.0),BEL,EMP,PS,_Z,_T,Y_GE15,_Z,BTE,A,2000,1076.925,,A,3,0
OECD.SDD.TPS:DSD_ALFS@DF_SUMTAB(1.0),BEL,EMP,PS,_Z,_T,Y_GE15,_Z,BTE,A,2001,1055.2,,A,3,0
OECD.SDD.TPS:DSD_ALFS@DF_SUMTAB(1.0),BEL,EMP,PS,_Z,_T,Y_GE15,_Z,BTE,A,2013,984.075,,E,3,0
OECD.SDD.TPS:DSD_ALFS@DF_SUMTAB(1.0),BEL,EMP,PS,_Z,_T,Y_GE15,_Z,BTE,A,2014,972.575,,E,3,0
OECD.SDD.TPS:DSD_ALFS@DF_SUMTAB(1.0),BEL,EMP,PS,_Z,_T,Y_GE15,_Z,BTE,A,2015,977.575,,E,3,0
OECD.SDD.TPS:DSD_ALFS@DF_SUMTAB(1.0),BEL,EMP,PS,_Z,_T,Y_GE15,_Z,BTE,A,2016,976.15,,E,3,0
OECD.SDD.TPS:DSD_ALFS@DF_SUMTAB(1.0),BEL,EMP,PS,_Z,_T,Y_GE15,_Z,BTE,A,2017,964.05,,E,3,0
OECD.SDD.TPS:DSD_ALFS@DF_SUMTAB(1.0),BEL,EMP,PS,_Z,_T,Y_GE15,_Z,BTE,A,2018,1003.375,,E,3,0
OECD.SDD.TPS:DSD_ALFS@DF_SUMTAB(1.0),BEL,EMP,PS,_Z,_T,Y_GE15,_Z,BTE,A,2007,1069.775,,B,3,0
OECD.SDD.TPS:DSD_ALFS@DF_SUMTAB(1.0),BEL,EMP,PS,_Z,_T,Y_GE15,_Z,BTE,A,2010,1049.25,,B,3,0
OECD.SDD.TPS:DSD_ALFS@DF_SUMTAB(1.0),BEL,EMP,PS,_Z,_T,Y_GE15,_Z,BTE,A,2004,1030.125,,B,3,0
OECD.SDD.TPS:DSD_ALFS@DF_SUMTAB(1.0),BEL,EMP,PS,_Z,_T,Y_GE15,_Z,BTE,A,2002,1034.7,,A,3,0
OECD.SDD.TPS:DSD_ALFS@DF_SUMTAB(1.0),BEL,EMP,PS,_Z,_T,Y_GE15,_Z,BTE,A,2012,984.25,,A,3,0
OECD.SDD.TPS:DSD_ALFS@DF_SUMTAB(1.0),BEL,EMP,PS,_Z,_T,Y_GE15,_Z,BTE,A,2003,1011.375,,A,3,0
OECD.SDD.TPS:DSD_ALFS@DF_SUMTAB(1.0),BEL,EMP,PS,_Z,_T,Y_GE15,_Z,BTE,A,2005,1045.525,,A,3,0
OECD.SDD.TPS:DSD_ALFS@DF_SUMTAB(1.0),HUN,EMP,PS,_Z,_T,Y_GE15,_Z,BTE,A,2001,1329.75,,A,3,0
OECD.SDD.TPS:DSD_ALFS@DF_SUMTAB(1.0),HUN,EMP,PS,_Z,_T,Y_GE15,_Z,BTE,A,2009,1167.7,,A,3,0
OECD.SDD.TPS:DSD_ALFS@DF_SUMTAB(1.0),HUN,EMP,PS,_Z,_T,Y_GE15,_Z,BTE,A,2021,1458.875,,A,3,0
OECD.SDD.TPS:DSD_ALFS@DF_SUMTAB(1.0),HUN,EMP,PS,_Z,_T,Y_GE15,_Z,BTE,A,2022,1476.45,,A,3,0
OECD.SDD.TPS:DSD_ALFS@DF_SUMTAB(1.0),HUN,EMP,PS,_Z,_T,Y_GE15,_Z,BTE,A,2023,1475.475,,A,3,0
OECD.SDD.TPS:DSD_ALFS@DF_SUMTAB(1.0),HUN,EMP,PS,_Z,_T,Y_GE15,_Z,BTE,A,2006,1271.7,,A,3,0
OECD.SDD.TPS:DSD_ALFS@DF_SUMTAB(1.0),HUN,EMP,PS,_Z,_T,Y_GE15,_Z,BTE,A,2007,1282.65,,A,3,0
OECD.SDD.TPS:DSD_ALFS@DF_SUMTAB(1.0),HUN,EMP,PS,_Z,_T,Y_GE15,_Z,BTE,A,2008,1240.075,,A,3,0
OECD.SDD.TPS:DSD_ALFS@DF_SUMTAB(1.0),HUN,EMP,PS,_Z,_T,Y_GE15,_Z,BTE,A,2010,1145.975,,A,3,0
OECD.SDD.TPS:DSD_ALFS@DF_SUMTAB(1.0),HUN,EMP,PS,_Z,_T,Y_GE15,_Z,BTE,A,2011,1159.2,,A,3,0
OECD.SDD.TPS:DSD_ALFS@DF_SUMTAB(1.0),HUN,EMP,PS,_Z,_T,Y_GE15,_Z,BTE,A,2012,1140.15,,A,3,0
OECD.SDD.TPS:DSD_ALFS@DF_SUMTAB(1.0),HUN,EMP,PS,_Z,_T,Y_GE15,_Z,BTE,A,2013,1163.725,,A,3,0
OECD.SDD.TPS:DSD_ALFS@DF_SUMTAB(1.0),HUN,EMP,PS,_Z,_T,Y_GE15,_Z,BTE,A,2014,1246.1,,A,3,0
OECD.SDD.TPS:DSD_ALFS@DF_SUMTAB(1.0),HUN,EMP,PS,_Z,_T,Y_GE15,_Z,BTE,A,2015,1274.925,,A,3,0
OECD.SDD.TPS:DSD_ALFS@DF_SUMTAB(1.0),HUN,EMP,PS,_Z,_T,Y_GE15,_Z,BTE,A,2016,1323.475,,A,3,0
OECD.SDD.TPS:DSD_ALFS@DF_SUMTAB(1.0),HUN,EMP,PS,_Z,_T,Y_GE15,_Z,BTE,A,2017,1393.8,,A,3,0
OECD.SDD.TPS:DSD_ALFS@DF_SUMTAB(1.0),HUN,EMP,PS,_Z,_T,Y_GE15,_Z,BTE,A,2000,1302.325,,A,3,0
OECD.SDD.TPS:DSD_ALFS@DF_SUMTAB(1.0),HUN,EMP,PS,_Z,_T,Y_GE15,_Z,BTE,A,2002,1323.7,,A,3,0
OECD.SDD.TPS:DSD_ALFS@DF_SUMTAB(1.0),HUN,EMP,PS,_Z,_T,Y_GE15,_Z,BTE,A,2003,1309.575,,A,3,0
OECD.SDD.TPS:DSD_ALFS@DF_SUMTAB(1.0),HUN,EMP,PS,_Z,_T,Y_GE15,_Z,BTE,A,2018,1449.2,,A,3,0
OECD.SDD.TPS:DSD_ALFS@DF_SUMTAB(1.0),HUN,EMP,PS,_Z,_T,Y_GE15,_Z,BTE,A,2019,1447.9,,A,3,0
OECD.SDD.TPS:DSD_ALFS@DF_SUMTAB(1.0),HUN,EMP,PS,_Z,_T,Y_GE15,_Z,BTE,A,2020,1423.05,,B,3,0
OECD.SDD.TPS:DSD_ALFS@DF_SUMTAB(1.0),HUN,EMP,PS,_Z,_T,Y_GE15,_Z,BTE,A,2004,1283.275,,B,3,0
OECD.SDD.TPS:DSD_ALFS@DF_SUMTAB(1.0),AUT,EMP,PS,_Z,_T,Y_GE15,_Z,BTE,A,2003,1117.375,,B,3,0
OECD.SDD.TPS:DSD_ALFS@DF_SUMTAB(1.0),AUT,EMP,PS,_Z,_T,Y_GE15,_Z,BTE,A,2020,1076.425,,B,3,0
OECD.SDD.TPS:DSD_ALFS@DF_SUMTAB(1.0),AUT,EMP,PS,_Z,_T,Y_GE15,_Z,BTE,A,2013,1063.425,,A,3,0
OECD.SDD.TPS:DSD_ALFS@DF_SUMTAB(1.0),AUT,EMP,PS,_Z,_T,Y_GE15,_Z,BTE,A,2014,1059.075,,A,3,0
OECD.SDD.TPS:DSD_ALFS@DF_SUMTAB(1.0),AUT,EMP,PS,_Z,_T,Y_GE15,_Z,BTE,A,2015,1068.775,,A,3,0
OECD.SDD.TPS:DSD_ALFS@DF_SUMTAB(1.0),AUT,EMP,PS,_Z,_T,Y_GE15,_Z,BTE,A,2016,1078.75,,A,3,0
OECD.SDD.TPS:DSD_ALFS@DF_SUMTAB(1.0),AUT,EMP,PS,_Z,_T,Y_GE15,_Z,BTE,A,2017,1061.8,,A,3,0
OECD.SDD.TPS:DSD_ALFS@DF_SUMTAB(1.0),GRC,EMP,PS,_Z,_T,Y_GE15,_Z,BTE,A,2009,962.775,,A,3,0
OECD.SDD.TPS:DSD_ALFS@DF_SUMTAB(1.0),GRC,EMP,PS,_Z,_T,Y_GE15,_Z,BTE,A,2010,859.85,,A,3,0
OECD.SDD.TPS:DSD_ALFS@DF_SUMTAB(1.0),GRC,EMP,PS,_Z,_T,Y_GE15,_Z,BTE,A,2011,717.225,,A,3,0
OECD.SDD.TPS:DSD_ALFS@DF_SUMTAB(1.0),GRC,EMP,PS,_Z,_T,Y_GE15,_Z,BTE,A,2003,966.725,,B,3,0
OECD.SDD.TPS:DSD_ALFS@DF_SUMTAB(1.0),GRC,EMP,PS,_Z,_T,Y_GE15,_Z,BTE,A,2020,581.425,,B,3,0
OECD.SDD.TPS:DSD_ALFS@DF_SUMTAB(1.0),EA19,EMP,PS,_Z,_T,Y_GE15,_Z,BTE,A,2002,39506.3,,A,3,0
OECD.SDD.TPS:DSD_ALFS@DF_SUMTAB(1.0),EA19,EMP,PS,_Z,_T,Y_GE15,_Z,BTE,A,2003,39120.6,,A,3,0
OECD.SDD.TPS:DSD_ALFS@DF_SUMTAB(1.0),EA19,EMP,PS,_Z,_T,Y_GE15,_Z,BTE,A,2014,33624.9,,A,3,0
OECD.SDD.TPS:DSD_ALFS@DF_SUMTAB(1.0),EA19,EMP,PS,_Z,_T,Y_GE15,_Z,BTE,A,2015,33858.23,,A,3,0
OECD.SDD.TPS:DSD_ALFS@DF_SUMTAB(1.0),EA19,EMP,PS,_Z,_T,Y_GE15,_Z,BTE,A,2016,34192.05,,A,3,0
OECD.SDD.TPS:DSD_ALFS@DF_SUMTAB(1.0),EA19,EMP,PS,_Z,_T,Y_GE15,_Z,BTE,A,2017,34739.07,,A,3,0
OECD.SDD.TPS:DSD_ALFS@DF_SUMTAB(1.0),EA19,EMP,PS,_Z,_T,Y_GE15,_Z,BTE,A,2000,39317.9,,A,3,0
OECD.SDD.TPS:DSD_ALFS@DF_SUMTAB(1.0),EA19,EMP,PS,_Z,_T,Y_GE15,_Z,BTE,A,2001,39669.0,,A,3,0
OECD.SDD.TPS:DSD_ALFS@DF_SUMTAB(1.0),EA19,EMP,PS,_Z,_T,Y_GE15,_Z,BTE,A,2018,35175.1,,A,3,0
OECD.SDD.TPS:DSD_ALFS@DF_SUMTAB(1.0),EA19,EMP,PS,_Z,_T,Y_GE15,_Z,BTE,A,2019,35456.5,,A,3,0
OECD.SDD.TPS:DSD_ALFS@DF_SUMTAB(1.0),EA19,EMP,PS,_Z,_T,Y_GE15,_Z,BTE,A,2021,35321.95,,A,3,0
OECD.SDD.TPS:DSD_ALFS@DF_SUMTAB(1.0),EA19,EMP,PS,_Z,_T,Y_GE15,_Z,BTE,A,2022,36097.3,,A,3,0
OECD.SDD.TPS:DSD_ALFS@DF_SUMTAB(1.0),EA19,EMP,PS,_Z,_T,Y_GE15,_Z,BTE,A,2023,36413.82,,A,3,0
OECD.SDD.TPS:DSD_ALFS@DF_SUMTAB(1.0),EA19,EMP,PS,_Z,_T,Y_GE15,_Z,BTE,A,2005,38301.6,,A,3,0
OECD.SDD.TPS:DSD_ALFS@DF_SUMTAB(1.0),EA19,EMP,PS,_Z,_T,Y_GE15,_Z,BTE,A,2006,38858.43,,A,3,0
OECD.SDD.TPS:DSD_ALFS@DF_SUMTAB(1.0),EA19,EMP,PS,_Z,_T,Y_GE15,_Z,BTE,A,2008,39650.43,,A,3,0
OECD.SDD.TPS:DSD_ALFS@DF_SUMTAB(1.0),EA19,EMP,PS,_Z,_T,Y_GE15,_Z,BTE,A,2009,37126.5,,A,3,0
OECD.SDD.TPS:DSD_ALFS@DF_SUMTAB(1.0),EA19,EMP,PS,_Z,_T,Y_GE15,_Z,BTE,A,2010,35684.0,,A,3,0
OECD.SDD.TPS:DSD_ALFS@DF_SUMTAB(1.0),ISR,EMP,PS,_Z,_T,Y_GE15,_Z,BTE,A,2010,587.15,,A,3,0
OECD.SDD.TPS:DSD_ALFS@DF_SUMTAB(1.0),ISR,EMP,PS,_Z,_T,Y_GE15,_Z,BTE,A,2011,595.13,,A,3,0
OECD.SDD.TPS:DSD_ALFS@DF_SUMTAB(1.0),ISR,EMP,PS,_Z,_T,Y_GE15,_Z,BTE,A,2012,585.29,,B,3,0
OECD.SDD.TPS:DSD_ALFS@DF_SUMTAB(1.0),ISR,EMP,PS,_Z,_T,Y_GE15,_Z,BTE,A,2001,521.5,,A,3,0
OECD.SDD.TPS:DSD_ALFS@DF_SUMTAB(1.0),NZL,EMP,PS,_Z,_T,Y_GE15,_Z,BTE,A,2008,476.025,,A,3,0
OECD.SDD.TPS:DSD_ALFS@DF_SUMTAB(1.0),NZL,EMP,PS,_Z,_T,Y_GE15,_Z,BTE,A,2009,449.0,,A,3,0
OECD.SDD.TPS:DSD_ALFS@DF_SUMTAB(1.0),NZL,EMP,PS,_Z,_T,Y_GE15,_Z,BTE,A,2003,440.575,,A,3,0
OECD.SDD.TPS:DSD_ALFS@DF_SUMTAB(1.0),NZL,EMP,PS,_Z,_T,Y_GE15,_Z,BTE,A,2004,464.1,,A,3,0
OECD.SDD.TPS:DSD_ALFS@DF_SUMTAB(1.0),NZL,EMP,PS,_Z,_T,Y_GE15,_Z,BTE,A,2005,465.8,,A,3,0
OECD.SDD.TPS:DSD_ALFS@DF_SUMTAB(1.0),NZL,EMP,PS,_Z,_T,Y_GE15,_Z,BTE,A,2006,483.25,,A,3,0
OECD.SDD.TPS:DSD_ALFS@DF_SUMTAB(1.0),NZL,EMP,PS,_Z,_T,Y_GE15,_Z,BTE,A,2007,482.425,,A,3,0
OECD.SDD.TPS:DSD_ALFS@DF_SUMTAB(1.0),NZL,EMP,PS,_Z,_T,Y_GE15,_Z,BTE,A,2012,434.025,,A,3,0
OECD.SDD.TPS:DSD_ALFS@DF_SUMTAB(1.0),NZL,EMP,PS,_Z,_T,Y_GE15,_Z,BTE,A,2010,445.675,,A,3,0
OECD.SDD.TPS:DSD_ALFS@DF_SUMTAB(1.0),NZL,EMP,PS,_Z,_T,Y_GE15,_Z,BTE,A,2011,439.2,,A,3,0
OECD.SDD.TPS:DSD_ALFS@DF_SUMTAB(1.0),NZL,EMP,PS,_Z,_T,Y_GE15,_Z,BTE,A,2000,416.45,,A,3,0
OECD.SDD.TPS:DSD_ALFS@DF_SUMTAB(1.0),NZL,EMP,PS,_Z,_T,Y_GE15,_Z,BTE,A,2001,421.375,,A,3,0
OECD.SDD.TPS:DSD_ALFS@DF_SUMTAB(1.0),NZL,EMP,PS,_Z,_T,Y_GE15,_Z,BTE,A,2016,503.525,,A,3,0
OECD.SDD.TPS:DSD_ALFS@DF_SUMTAB(1.0),NZL,EMP,PS,_Z,_T,Y_GE15,_Z,BTE,A,2017,534.025,,A,3,0
OECD.SDD.TPS:DSD_ALFS@DF_SUMTAB(1.0),NZL,EMP,PS,_Z,_T,Y_GE15,_Z,BTE,A,2018,530.65,,A,3,0
OECD.SDD.TPS:DSD_ALFS@DF_SUMTAB(1.0),NZL,EMP,PS,_Z,_T,Y_GE15,_Z,BTE,A,2019,525.975,,A,3,0
OECD.SDD.TPS:DSD_ALFS@DF_SUMTAB(1.0),NZL,EMP,PS,_Z,_T,Y_GE15,_Z,BTE,A,2020,556.6,,A,3,0
OECD.SDD.TPS:DSD_ALFS@DF_SUMTAB(1.0),NZL,EMP,PS,_Z,_T,Y_GE15,_Z,BTE,A,2021,558.45,,A,3,0
OECD.SDD.TPS:DSD_ALFS@DF_SUMTAB(1.0),NZL,EMP,PS,_Z,_T,Y_GE15,_Z,BTE,A,2022,589.2,,A,3,0
OECD.SDD.TPS:DSD_ALFS@DF_SUMTAB(1.0),NZL,EMP,PS,_Z,_T,Y_GE15,_Z,BTE,A,2023,601.625,,A,3,0
OECD.SDD.TPS:DSD_ALFS@DF_SUMTAB(1.0),NZL,EMP,PS,_Z,_T,Y_GE15,_Z,BTE,A,2002,431.775,,A,3,0
OECD.SDD.TPS:DSD_ALFS@DF_SUMTAB(1.0),NZL,EMP,PS,_Z,_T,Y_GE15,_Z,BTE,A,2013,442.025,,A,3,0
OECD.SDD.TPS:DSD_ALFS@DF_SUMTAB(1.0),NZL,EMP,PS,_Z,_T,Y_GE15,_Z,BTE,A,2014,474.125,,A,3,0
OECD.SDD.TPS:DSD_ALFS@DF_SUMTAB(1.0),TUR,EMP,PS,_Z,_T,Y_GE15,_Z,BTE,A,2016,7286.9,,A,3,0
OECD.SDD.TPS:DSD_ALFS@DF_SUMTAB(1.0),TUR,EMP,PS,_Z,_T,Y_GE15,_Z,BTE,A,2017,7482.575,,A,3,0
OECD.SDD.TPS:DSD_ALFS@DF_SUMTAB(1.0),TUR,EMP,PS,_Z,_T,Y_GE15,_Z,BTE,A,2018,7661.7,,A,3,0
OECD.SDD.TPS:DSD_ALFS@DF_SUMTAB(1.0),TUR,EMP,PS,_Z,_T,Y_GE15,_Z,BTE,A,2019,7109.35,,A,3,0
OECD.SDD.TPS:DSD_ALFS@DF_SUMTAB(1.0),TUR,EMP,PS,_Z,_T,Y_GE15,_Z,BTE,A,2020,7033.8,,A,3,0
OECD.SDD.TPS:DSD_ALFS@DF_SUMTAB(1.0),TUR,EMP,PS,_Z,_T,Y_GE15,_Z,BTE,A,2021,7945.925,,A,3,0
OECD.SDD.TPS:DSD_ALFS@DF_SUMTAB(1.0),TUR,EMP,PS,_Z,_T,Y_GE15,_Z,BTE,A,2022,8513.25,,A,3,0
OECD.SDD.TPS:DSD_ALFS@DF_SUMTAB(1.0),TUR,EMP,PS,_Z,_T,Y_GE15,_Z,BTE,A,2006,5469.8,,A,3,0
OECD.SDD.TPS:DSD_ALFS@DF_SUMTAB(1.0),TUR,EMP,PS,_Z,_T,Y_GE15,_Z,BTE,A,2013,6734.775,,B,3,0
OECD.SDD.TPS:DSD_ALFS@DF_SUMTAB(1.0),TUR,EMP,PS,_Z,_T,Y_GE15,_Z,BTE,A,2007,5550.475,,A,3,0
OECD.SDD.TPS:DSD_ALFS@DF_SUMTAB(1.0),TUR,EMP,PS,_Z,_T,Y_GE15,_Z,BTE,A,2008,5677.975,,A,3,0
OECD.SDD.TPS:DSD_ALFS@DF_SUMTAB(1.0),TUR,EMP,PS,_Z,_T,Y_GE15,_Z,BTE,A,2009,5381.975,,A,3,0
OECD.SDD.TPS:DSD_ALFS@DF_SUMTAB(1.0),TUR,EMP,PS,_Z,_T,Y_GE15,_Z,BTE,A,2010,5924.35,,A,3,0
OECD.SDD.TPS:DSD_ALFS@DF_SUMTAB(1.0),TUR,EMP,PS,_Z,_T,Y_GE15,_Z,BTE,A,2014,7222.775,,A,3,0
OECD.SDD.TPS:DSD_ALFS@DF_SUMTAB(1.0),TUR,EMP,PS,_Z,_T,Y_GE15,_Z,BTE,A,2023,8721.375,,A,3,0
OECD.SDD.TPS:DSD_ALFS@DF_SUMTAB(1.0),TUR,EMP,PS,_Z,_T,Y_GE15,_Z,BTE,A,2011,6377.1,,A,3,0
OECD.SDD.TPS:DSD_ALFS@DF_SUMTAB(1.0),TUR,EMP,PS,_Z,_T,Y_GE15,_Z,BTE,A,2012,6459.85,,A,3,0
OECD.SDD.TPS:DSD_ALFS@DF_SUMTAB(1.0),LVA,EMP,PS,_Z,_T,Y_GE15,_Z,BTE,A,2020,211.825,,E,3,0
OECD.SDD.TPS:DSD_ALFS@DF_SUMTAB(1.0),LVA,EMP,PS,_Z,_T,Y_GE15,_Z,BTE,A,2008,312.05,,E,3,0
OECD.SDD.TPS:DSD_ALFS@DF_SUMTAB(1.0),LVA,EMP,PS,_Z,_T,Y_GE15,_Z,BTE,A,2009,222.775,,E,3,0
OECD.SDD.TPS:DSD_ALFS@DF_SUMTAB(1.0),LVA,EMP,PS,_Z,_T,Y_GE15,_Z,BTE,A,2010,196.975,,E,3,0
OECD.SDD.TPS:DSD_ALFS@DF_SUMTAB(1.0),LVA,EMP,PS,_Z,_T,Y_GE15,_Z,BTE,A,2011,199.2,,E,3,0
OECD.SDD.TPS:DSD_ALFS@DF_SUMTAB(1.0),LVA,EMP,PS,_Z,_T,Y_GE15,_Z,BTE,A,2012,207.25,,E,3,0
OECD.SDD.TPS:DSD_ALFS@DF_SUMTAB(1.0),LVA,EMP,PS,_Z,_T,Y_GE15,_Z,BTE,A,2013,214.275,,E,3,0
OECD.SDD.TPS:DSD_ALFS@DF_SUMTAB(1.0),LVA,EMP,PS,_Z,_T,Y_GE15,_Z,BTE,A,2014,213.1,,E,3,0
OECD.SDD.TPS:DSD_ALFS@DF_SUMTAB(1.0),LVA,EMP,PS,_Z,_T,Y_GE15,_Z,BTE,A,2021,201.125,,U,3,0
OECD.SDD.TPS:DSD_ALFS@DF_SUMTAB(1.0),LVA,EMP,PS,_Z,_T,Y_GE15,_Z,BTE,A,2022,209.65,,U,3,0
OECD.SDD.TPS:DSD_ALFS@DF_SUMTAB(1.0),LVA,EMP,PS,_Z,_T,Y_GE15,_Z,BTE,A,2023,203.35,,U,3,0
OECD.SDD.TPS:DSD_ALFS@DF_SUMTAB(1.0),LVA,EMP,PS,_Z,_T,Y_GE15,_Z,BTE,A,2015,216.0,,E,3,0
OECD.SDD.TPS:DSD_ALFS@DF_SUMTAB(1.0),LVA,EMP,PS,_Z,_T,Y_GE15,_Z,BTE,A,2016,217.5,,E,3,0
OECD.SDD.TPS:DSD_ALFS@DF_SUMTAB(1.0),LVA,EMP,PS,_Z,_T,Y_GE15,_Z,BTE,A,2017,210.25,,E,3,0
OECD.SDD.TPS:DSD_ALFS@DF_SUMTAB(1.0),LVA,EMP,PS,_Z,_T,Y_GE15,_Z,BTE,A,2018,215.4,,E,3,0
OECD.SDD.TPS:DSD_ALFS@DF_SUMTAB(1.0),G7,EMP,PS,_Z,_T,Y_GE15,_Z,BTE,A,2007,80541.33,,A,3,0
OECD.SDD.TPS:DSD_ALFS@DF_SUMTAB(1.0),G7,EMP,PS,_Z,_T,Y_GE15,_Z,BTE,A,2021,73839.73,,U,3,0
OECD.SDD.TPS:DSD_ALFS@DF_SUMTAB(1.0),G7,EMP,PS,_Z,_T,Y_GE15,_Z,BTE,A,2012,72287.47,,A,3,0
OECD.SDD.TPS:DSD_ALFS@DF_SUMTAB(1.0),G7,EMP,PS,_Z,_T,Y_GE15,_Z,BTE,A,2014,73640.32,,A,3,0
OECD.SDD.TPS:DSD_ALFS@DF_SUMTAB(1.0),G7,EMP,PS,_Z,_T,Y_GE15,_Z,BTE,A,2015,73616.93,,A,3,0
OECD.SDD.TPS:DSD_ALFS@DF_SUMTAB(1.0),G7,EMP,PS,_Z,_T,Y_GE15,_Z,BTE,A,2016,74090.92,,A,3,0
OECD.SDD.TPS:DSD_ALFS@DF_SUMTAB(1.0),G7,EMP,PS,_Z,_T,Y_GE15,_Z,BTE,A,2005,78957.9,,A,3,0
OECD.SDD.TPS:DSD_ALFS@DF_SUMTAB(1.0),G7,EMP,PS,_Z,_T,Y_GE15,_Z,BTE,A,2006,80031.6,,A,3,0
OECD.SDD.TPS:DSD_ALFS@DF_SUMTAB(1.0),G7,EMP,PS,_Z,_T,Y_GE15,_Z,BTE,A,2022,75390.47,,U,3,0
OECD.SDD.TPS:DSD_ALFS@DF_SUMTAB(1.0),G7,EMP,PS,_Z,_T,Y_GE15,_Z,BTE,A,2023,75975.27,,U,3,0
OECD.SDD.TPS:DSD_ALFS@DF_SUMTAB(1.0),G7,EMP,PS,_Z,_T,Y_GE15,_Z,BTE,A,2017,74890.72,,E,3,0
OECD.SDD.TPS:DSD_ALFS@DF_SUMTAB(1.0),G7,EMP,PS,_Z,_T,Y_GE15,_Z,BTE,A,2018,75864.82,,E,3,0
OECD.SDD.TPS:DSD_ALFS@DF_SUMTAB(1.0),G7,EMP,PS,_Z,_T,Y_GE15,_Z,BTE,A,2020,73430.85,,E,3,0
OECD.SDD.TPS:DSD_ALFS@DF_SUMTAB(1.0),G7,EMP,PS,_Z,_T,Y_GE15,_Z,BTE,A,2003,79737.07,,B,3,0
OECD.SDD.TPS:DSD_ALFS@DF_SUMTAB(1.0),G7,EMP,PS,_Z,_T,Y_GE15,_Z,BTE,A,2019,76359.67,,B,3,0
OECD.SDD.TPS:DSD_ALFS@DF_SUMTAB(1.0),G7,EMP,PS,_Z,_T,Y_GE15,_Z,BTE,A,2004,79082.12,,B,3,0
OECD.SDD.TPS:DSD_ALFS@DF_SUMTAB(1.0),G7,EMP,PS,_Z,_T,Y_GE15,_Z,BTE,A,2009,73410.35,,B,3,0
OECD.SDD.TPS:DSD_ALFS@DF_SUMTAB(1.0),G7,EMP,PS,_Z,_T,Y_GE15,_Z,BTE,A,2010,71550.55,,B,3,0
OECD.SDD.TPS:DSD_ALFS@DF_SUMTAB(1.0),G7,EMP,PS,_Z,_T,Y_GE15,_Z,BTE,A,2011,71649.15,,B,3,0
OECD.SDD.TPS:DSD_ALFS@DF_SUMTAB(1.0),G7,EMP,PS,_Z,_T,Y_GE15,_Z,BTE,A,2013,72509.86,,B,3,0
OECD.SDD.TPS:DSD_ALFS@DF_SUMTAB(1.0),GBR,EMP,PS,_Z,_T,Y_GE15,_Z,BTE,A,2018,5839.5,,A,3,0
OECD.SDD.TPS:DSD_ALFS@DF_SUMTAB(1.0),GBR,EMP,PS,_Z,_T,Y_GE15,_Z,BTE,A,2019,5910.25,,A,3,0
OECD.SDD.TPS:DSD_ALFS@DF_SUMTAB(1.0),GBR,EMP,PS,_Z,_T,Y_GE15,_Z,BTE,A,2013,5607.25,,A,3,0
OECD.SDD.TPS:DSD_ALFS@DF_SUMTAB(1.0),GBR,EMP,PS,_Z,_T,Y_GE15,_Z,BTE,A,2014,5773.25,,A,3,0
OECD.SDD.TPS:DSD_ALFS@DF_SUMTAB(1.0),GBR,EMP,PS,_Z,_T,Y_GE15,_Z,BTE,A,2015,5787.5,,A,3,0
OECD.SDD.TPS:DSD_ALFS@DF_SUMTAB(1.0),GBR,EMP,PS,_Z,_T,Y_GE15,_Z,BTE,A,2016,5821.5,,A,3,0
OECD.SDD.TPS:DSD_ALFS@DF_SUMTAB(1.0),GBR,EMP,PS,_Z,_T,Y_GE15,_Z,BTE,A,2017,5812.25,,A,3,0
OECD.SDD.TPS:DSD_ALFS@DF_SUMTAB(1.0),GBR,EMP,PS,_Z,_T,Y_GE15,_Z,BTE,A,2000,6505.444,,A,3,0
OECD.SDD.TPS:DSD_ALFS@DF_SUMTAB(1.0),GBR,EMP,PS,_Z,_T,Y_GE15,_Z,BTE,A,2020,5562.0,,A,3,0
OECD.SDD.TPS:DSD_ALFS@DF_SUMTAB(1.0),GBR,EMP,PS,_Z,_T,Y_GE15,_Z,BTE,A,2021,5467.25,,A,3,0
OECD.SDD.TPS:DSD_ALFS@DF_SUMTAB(1.0),GBR,EMP,PS,_Z,_T,Y_GE15,_Z,BTE,A,2022,5450.5,,A,3,0
OECD.SDD.TPS:DSD_ALFS@DF_SUMTAB(1.0),DEU,EMP,PS,_Z,_T,Y_GE15,_Z,BTE,A,2004,11108.36,,B,3,0
OECD.SDD.TPS:DSD_ALFS@DF_SUMTAB(1.0),DEU,EMP,PS,_Z,_T,Y_GE15,_Z,BTE,A,2009,11078.17,,B,3,0
OECD.SDD.TPS:DSD_ALFS@DF_SUMTAB(1.0),DEU,EMP,PS,_Z,_T,Y_GE15,_Z,BTE,A,2010,10755.63,,B,3,0
OECD.SDD.TPS:DSD_ALFS@DF_SUMTAB(1.0),DEU,EMP,PS,_Z,_T,Y_GE15,_Z,BTE,A,2000,12198.93,,A,3,0
OECD.SDD.TPS:DSD_ALFS@DF_SUMTAB(1.0),DEU,EMP,PS,_Z,_T,Y_GE15,_Z,BTE,A,2001,12006.66,,A,3,0
OECD.SDD.TPS:DSD_ALFS@DF_SUMTAB(1.0),DEU,EMP,PS,_Z,_T,Y_GE15,_Z,BTE,A,2002,11696.25,,A,3,0
OECD.SDD.TPS:DSD_ALFS@DF_SUMTAB(1.0),DEU,EMP,PS,_Z,_T,Y_GE15,_Z,BTE,A,2017,11417.38,,A,3,0
OECD.SDD.TPS:DSD_ALFS@DF_SUMTAB(1.0),DEU,EMP,PS,_Z,_T,Y_GE15,_Z,BTE,A,2018,11458.97,,A,3,0
OECD.SDD.TPS:DSD_ALFS@DF_SUMTAB(1.0),DEU,EMP,PS,_Z,_T,Y_GE15,_Z,BTE,A,2003,11293.37,,A,3,0
OECD.SDD.TPS:DSD_ALFS@DF_SUMTAB(1.0),DEU,EMP,PS,_Z,_T,Y_GE15,_Z,BTE,A,2005,10850.38,,A,3,0
OECD.SDD.TPS:DSD_ALFS@DF_SUMTAB(1.0),DEU,EMP,PS,_Z,_T,Y_GE15,_Z,BTE,A,2006,11022.45,,A,3,0
OECD.SDD.TPS:DSD_ALFS@DF_SUMTAB(1.0),DEU,EMP,PS,_Z,_T,Y_GE15,_Z,BTE,A,2007,11357.17,,A,3,0
OECD.SDD.TPS:DSD_ALFS@DF_SUMTAB(1.0),DEU,EMP,PS,_Z,_T,Y_GE15,_Z,BTE,A,2008,11309.15,,A,3,0
OECD.SDD.TPS:DSD_ALFS@DF_SUMTAB(1.0),DEU,EMP,PS,_Z,_T,Y_GE15,_Z,BTE,A,2021,11336.85,,U,3,0
OECD.SDD.TPS:DSD_ALFS@DF_SUMTAB(1.0),RUS,EMP,PS,_Z,_T,Y_GE15,_Z,BTE,A,2004,19946.96,,B,3,0
OECD.SDD.TPS:DSD_ALFS@DF_SUMTAB(1.0),RUS,EMP,PS,_Z,_T,Y_GE15,_Z,BTE,A,2014,19744.08,,A,3,0
OECD.SDD.TPS:DSD_ALFS@DF_SUMTAB(1.0),RUS,EMP,PS,_Z,_T,Y_GE15,_Z,BTE,A,2008,20353.49,,A,3,0
OECD.SDD.TPS:DSD_ALFS@DF_SUMTAB(1.0),RUS,EMP,PS,_Z,_T,Y_GE15,_Z,BTE,A,2009,19086.36,,A,3,0
OECD.SDD.TPS:DSD_ALFS@DF_SUMTAB(1.0),RUS,EMP,PS,_Z,_T,Y_GE15,_Z,BTE,A,2010,19412.8,,A,3,0
OECD.SDD.TPS:DSD_ALFS@DF_SUMTAB(1.0),RUS,EMP,PS,_Z,_T,Y_GE15,_Z,BTE,A,2011,19451.33,,A,3,0
OECD.SDD.TPS:DSD_ALFS@DF_SUMTAB(1.0),RUS,EMP,PS,_Z,_T,Y_GE15,_Z,BTE,A,2012,19899.02,,A,3,0
OECD.SDD.TPS:DSD_ALFS@DF_SUMTAB(1.0),RUS,EMP,PS,_Z,_T,Y_GE15,_Z,BTE,A,2013,19842.07,,A,3,0
OECD.SDD.TPS:DSD_ALFS@DF_SUMTAB(1.0),RUS,EMP,PS,_Z,_T,Y_GE15,_Z,BTE,A,2000,19027.41,,A,3,0
OECD.SDD.TPS:DSD_ALFS@DF_SUMTAB(1.0),RUS,EMP,PS,_Z,_T,Y_GE15,_Z,BTE,A,2015,19732.86,,A,3,0
OECD.SDD.TPS:DSD_ALFS@DF_SUMTAB(1.0),RUS,EMP,PS,_Z,_T,Y_GE15,_Z,BTE,A,2016,19557.22,,A,3,0
OECD.SDD.TPS:DSD_ALFS@DF_SUMTAB(1.0),RUS,EMP,PS,_Z,_T,Y_GE15,_Z,BTE,A,2017,19502.82,,A,3,0
OECD.SDD.TPS:DSD_ALFS@DF_SUMTAB(1.0),RUS,EMP,PS,_Z,_T,Y_GE15,_Z,BTE,A,2018,19444.21,,A,3,0
OECD.SDD.TPS:DSD_ALFS@DF_SUMTAB(1.0),RUS,EMP,PS,_Z,_T,Y_GE15,_Z,BTE,A,2019,19266.98,,A,3,0
OECD.SDD.TPS:DSD_ALFS@DF_SUMTAB(1.0),RUS,EMP,PS,_Z,_T,Y_GE15,_Z,BTE,A,2020,18708.56,,A,3,0
OECD.SDD.TPS:DSD_ALFS@DF_SUMTAB(1.0),KOR,EMP,PS,_Z,_T,Y_GE15,_Z,BTE,A,2017,6763.708,,A,3,0
OECD.SDD.TPS:DSD_ALFS@DF_SUMTAB(1.0),KOR,EMP,PS,_Z,_T,Y_GE15,_Z,BTE,A,2000,5959.25,,A,3,0
OECD.SDD.TPS:DSD_ALFS@DF_SUMTAB(1.0),KOR,EMP,PS,_Z,_T,Y_GE15,_Z,BTE,A,2018,6759.783,,A,3,0
OECD.SDD.TPS:DSD_ALFS@DF_SUMTAB(1.0),KOR,EMP,PS,_Z,_T,Y_GE15,_Z,BTE,A,2019,6666.375,,A,3,0
OECD.SDD.TPS:DSD_ALFS@DF_SUMTAB(1.0),KOR,EMP,PS,_Z,_T,Y_GE15,_Z,BTE,A,2020,6631.142,,A,3,0
OECD.SDD.TPS:DSD_ALFS@DF_SUMTAB(1.0),KOR,EMP,PS,_Z,_T,Y_GE15,_Z,BTE,A,2021,6710.325,,A,3,0
OECD.SDD.TPS:DSD_ALFS@DF_SUMTAB(1.0),KOR,EMP,PS,_Z,_T,Y_GE15,_Z,BTE,A,2022,6869.917,,A,3,0
OECD.SDD.TPS:DSD_ALFS@DF_SUMTAB(1.0),KOR,EMP,PS,_Z,_T,Y_GE15,_Z,BTE,A,2023,6817.692,,A,3,0
OECD.SDD.TPS:DSD_ALFS@DF_SUMTAB(1.0),KOR,EMP,PS,_Z,_T,Y_GE15,_Z,BTE,A,2004,6158.283,,A,3,0
OECD.SDD.TPS:DSD_ALFS@DF_SUMTAB(1.0),KOR,EMP,PS,_Z,_T,Y_GE15,_Z,BTE,A,2005,6085.925,,A,3,0
OECD.SDD.TPS:DSD_ALFS@DF_SUMTAB(1.0),KOR,EMP,PS,_Z,_T,Y_GE15,_Z,BTE,A,2006,6062.4,,A,3,0
OECD.SDD.TPS:DSD_ALFS@DF_SUMTAB(1.0),KOR,EMP,PS,_Z,_T,Y_GE15,_Z,BTE,A,2008,6015.325,,A,3,0
OECD.SDD.TPS:DSD_ALFS@DF_SUMTAB(1.0),KOR,EMP,PS,_Z,_T,Y_GE15,_Z,BTE,A,2009,5801.475,,A,3,0
OECD.SDD.TPS:DSD_ALFS@DF_SUMTAB(1.0),KOR,EMP,PS,_Z,_T,Y_GE15,_Z,BTE,A,2010,6010.983,,A,3,0
OECD.SDD.TPS:DSD_ALFS@DF_SUMTAB(1.0),KOR,EMP,PS,_Z,_T,Y_GE15,_Z,BTE,A,2011,6092.075,,A,3,0
OECD.SDD.TPS:DSD_ALFS@DF_SUMTAB(1.0),KOR,EMP,PS,_Z,_T,Y_GE15,_Z,BTE,A,2007,6074.317,,B,3,0
OECD.SDD.TPS:DSD_ALFS@DF_SUMTAB(1.0),KOR,EMP,PS,_Z,_T,Y_GE15,_Z,BTE,A,2012,6131.067,,B,3,0
OECD.SDD.TPS:DSD_ALFS@DF_SUMTAB(1.0),BRA,EMP,PS,_Z,_T,Y_GE15,_Z,BTE,A,2003,16688.66,,B,3,0
OECD.SDD.TPS:DSD_ALFS@DF_SUMTAB(1.0),BRA,EMP,PS,_Z,_T,Y_GE15,_Z,BTE,A,2015,20462.27,,B,3,0
OECD.SDD.TPS:DSD_ALFS@DF_SUMTAB(1.0),BRA,EMP,PS,_Z,_T,Y_GE15,_Z,BTE,A,2009,20612.29,,A,3,0
OECD.SDD.TPS:DSD_ALFS@DF_SUMTAB(1.0),BRA,EMP,PS,_Z,_T,Y_GE15,_Z,BTE,A,2011,20506.13,,A,3,0
OECD.SDD.TPS:DSD_ALFS@DF_SUMTAB(1.0),BRA,EMP,PS,_Z,_T,Y_GE15,_Z,BTE,A,2012,21699.59,,A,3,0
OECD.SDD.TPS:DSD_ALFS@DF_SUMTAB(1.0),BRA,EMP,PS,_Z,_T,Y_GE15,_Z,BTE,A,2013,21753.71,,A,3,0
OECD.SDD.TPS:DSD_ALFS@DF_SUMTAB(1.0),BRA,EMP,PS,_Z,_T,Y_GE15,_Z,BTE,A,2014,22036.2,,A,3,0
OECD.SDD.TPS:DSD_ALFS@DF_SUMTAB(1.0),BRA,EMP,PS,_Z,_T,Y_GE15,_Z,BTE,A,2016,19133.36,,A,3,0
OECD.SDD.TPS:DSD_ALFS@DF_SUMTAB(1.0),BRA,EMP,PS,_Z,_T,Y_GE15,_Z,BTE,A,2017,19117.68,,A,3,0
OECD.SDD.TPS:DSD_ALFS@DF_SUMTAB(1.0),BRA,EMP,PS,_Z,_T,Y_GE15,_Z,BTE,A,2002,16828.85,,A,3,0
OECD.SDD.TPS:DSD_ALFS@DF_SUMTAB(1.0),BRA,EMP,PS,_Z,_T,Y_GE15,_Z,BTE,A,2018,18912.25,,A,3,0
OECD.SDD.TPS:DSD_ALFS@DF_SUMTAB(1.0),BRA,EMP,PS,_Z,_T,Y_GE15,_Z,BTE,A,2019,19359.35,,A,3,0
OECD.SDD.TPS:DSD_ALFS@DF_SUMTAB(1.0),BRA,EMP,PS,_Z,_T,Y_GE15,_Z,BTE,A,2020,17610.88,,A,3,0
OECD.SDD.TPS:DSD_ALFS@DF_SUMTAB(1.0),BRA,EMP,PS,_Z,_T,Y_GE15,_Z,BTE,A,2021,18485.68,,A,3,0
OECD.SDD.TPS:DSD_ALFS@DF_SUMTAB(1.0),BRA,EMP,PS,_Z,_T,Y_GE15,_Z,BTE,A,2022,19561.61,,A,3,0
OECD.SDD.TPS:DSD_ALFS@DF_SUMTAB(1.0),BRA,EMP,PS,_Z,_T,Y_GE15,_Z,BTE,A,2023,20311.01,,A,3,0
OECD.SDD.TPS:DSD_ALFS@DF_SUMTAB(1.0),BRA,EMP,PS,_Z,_T,Y_GE15,_Z,BTE,A,2004,17702.2,,A,3,0
OECD.SDD.TPS:DSD_ALFS@DF_SUMTAB(1.0),BRA,EMP,PS,_Z,_T,Y_GE15,_Z,BTE,A,2005,18534.58,,A,3,0
OECD.SDD.TPS:DSD_ALFS@DF_SUMTAB(1.0),BRA,EMP,PS,_Z,_T,Y_GE15,_Z,BTE,A,2006,18933.53,,A,3,0
OECD.SDD.TPS:DSD_ALFS@DF_SUMTAB(1.0),BRA,EMP,PS,_Z,_T,Y_GE15,_Z,BTE,A,2007,19737.72,,A,3,0
OECD.SDD.TPS:DSD_ALFS@DF_SUMTAB(1.0),OECD,EMP,PS,_Z,_T,Y_GE15,_Z,BTE,A,2020,133150.7,,E,3,0
OECD.SDD.TPS:DSD_ALFS@DF_SUMTAB(1.0),OECD,EMP,PS,_Z,_T,Y_GE15,_Z,BTE,A,2021,136048.3,,E,3,0
OECD.SDD.TPS:DSD_ALFS@DF_SUMTAB(1.0),OECD,EMP,PS,_Z,_T,Y_GE15,_Z,BTE,A,2008,137610.1,,E,3,0
OECD.SDD.TPS:DSD_ALFS@DF_SUMTAB(1.0),OECD,EMP,PS,_Z,_T,Y_GE15,_Z,BTE,A,2009,128971.0,,E,3,0
OECD.SDD.TPS:DSD_ALFS@DF_SUMTAB(1.0),OECD,EMP,PS,_Z,_T,Y_GE15,_Z,BTE,A,2010,127090.2,,E,3,0
OECD.SDD.TPS:DSD_ALFS@DF_SUMTAB(1.0),OECD,EMP,PS,_Z,_T,Y_GE15,_Z,BTE,A,2011,127813.5,,E,3,0
OECD.SDD.TPS:DSD_ALFS@DF_SUMTAB(1.0),OECD,EMP,PS,_Z,_T,Y_GE15,_Z,BTE,A,2012,128285.6,,E,3,0
OECD.SDD.TPS:DSD_ALFS@DF_SUMTAB(1.0),OECD,EMP,PS,_Z,_T,Y_GE15,_Z,BTE,A,2013,128804.2,,E,3,0
OECD.SDD.TPS:DSD_ALFS@DF_SUMTAB(1.0),OECD,EMP,PS,_Z,_T,Y_GE15,_Z,BTE,A,2014,131217.2,,E,3,0
OECD.SDD.TPS:DSD_ALFS@DF_SUMTAB(1.0),OECD,EMP,PS,_Z,_T,Y_GE15,_Z,BTE,A,2015,132562.6,,E,3,0
OECD.SDD.TPS:DSD_ALFS@DF_SUMTAB(1.0),OECD,EMP,PS,_Z,_T,Y_GE15,_Z,BTE,A,2016,133973.9,,E,3,0
OECD.SDD.TPS:DSD_ALFS@DF_SUMTAB(1.0),OECD,EMP,PS,_Z,_T,Y_GE15,_Z,BTE,A,2017,136019.1,,E,3,0
OECD.SDD.TPS:DSD_ALFS@DF_SUMTAB(1.0),OECD,EMP,PS,_Z,_T,Y_GE15,_Z,BTE,A,2018,138157.6,,E,3,0
OECD.SDD.TPS:DSD_ALFS@DF_SUMTAB(1.0),NLD,EMP,PS,_Z,_T,Y_GE15,_Z,BTE,A,2012,1291.65,,B,3,0
OECD.SDD.TPS:DSD_ALFS@DF_SUMTAB(1.0),NLD,EMP,PS,_Z,_T,Y_GE15,_Z,BTE,A,2013,1254.2,,A,3,0
OECD.SDD.TPS:DSD_ALFS@DF_SUMTAB(1.0),NLD,EMP,PS,_Z,_T,Y_GE15,_Z,BTE,A,2023,1349.5,,A,3,0
OECD.SDD.TPS:DSD_ALFS@DF_SUMTAB(1.0),NLD,EMP,PS,_Z,_T,Y_GE15,_Z,BTE,A,2000,1581.675,,A,3,0
OECD.SDD.TPS:DSD_ALFS@DF_SUMTAB(1.0),NLD,EMP,PS,_Z,_T,Y_GE15,_Z,BTE,A,2001,1640.075,,A,3,0
OECD.SDD.TPS:DSD_ALFS@DF_SUMTAB(1.0),NLD,EMP,PS,_Z,_T,Y_GE15,_Z,BTE,A,2002,1537.375,,A,3,0
OECD.SDD.TPS:DSD_ALFS@DF_SUMTAB(1.0),NLD,EMP,PS,_Z,_T,Y_GE15,_Z,BTE,A,2003,1562.675,,A,3,0
OECD.SDD.TPS:DSD_ALFS@DF_SUMTAB(1.0),NLD,EMP,PS,_Z,_T,Y_GE15,_Z,BTE,A,2011,1270.3,,A,3,0
OECD.SDD.TPS:DSD_ALFS@DF_SUMTAB(1.0),NLD,EMP,PS,_Z,_T,Y_GE15,_Z,BTE,A,2014,1232.025,,A,3,0
OECD.SDD.TPS:DSD_ALFS@DF_SUMTAB(1.0),NLD,EMP,PS,_Z,_T,Y_GE15,_Z,BTE,A,2005,1586.125,,A,3,0
OECD.SDD.TPS:DSD_ALFS@DF_SUMTAB(1.0),NLD,EMP,PS,_Z,_T,Y_GE15,_Z,BTE,A,2006,1594.675,,A,3,0
OECD.SDD.TPS:DSD_ALFS@DF_SUMTAB(1.0),NLD,EMP,PS,_Z,_T,Y_GE15,_Z,BTE,A,2010,1326.45,,A,3,0
OECD.SDD.TPS:DSD_ALFS@DF_SUMTAB(1.0),NLD,EMP,PS,_Z,_T,Y_GE15,_Z,BTE,A,2007,1568.575,,A,3,0
OECD.SDD.TPS:DSD_ALFS@DF_SUMTAB(1.0),NLD,EMP,PS,_Z,_T,Y_GE15,_Z,BTE,A,2008,1510.075,,A,3,0
OECD.SDD.TPS:DSD_ALFS@DF_SUMTAB(1.0),NLD,EMP,PS,_Z,_T,Y_GE15,_Z,BTE,A,2009,1427.225,,A,3,0
OECD.SDD.TPS:DSD_ALFS@DF_SUMTAB(1.0),NLD,EMP,PS,_Z,_T,Y_GE15,_Z,BTE,A,2015,1260.675,,A,3,0
OECD.SDD.TPS:DSD_ALFS@DF_SUMTAB(1.0),NLD,EMP,PS,_Z,_T,Y_GE15,_Z,BTE,A,2016,1275.925,,A,3,0
OECD.SDD.TPS:DSD_ALFS@DF_SUMTAB(1.0),NLD,EMP,PS,_Z,_T,Y_GE15,_Z,BTE,A,2017,1282.45,,A,3,0
OECD.SDD.TPS:DSD_ALFS@DF_SUMTAB(1.0),NLD,EMP,PS,_Z,_T,Y_GE15,_Z,BTE,A,2018,1285.275,,A,3,0
OECD.SDD.TPS:DSD_ALFS@DF_SUMTAB(1.0),NLD,EMP,PS,_Z,_T,Y_GE15,_Z,BTE,A,2019,1301.15,,A,3,0
OECD.SDD.TPS:DSD_ALFS@DF_SUMTAB(1.0),NLD,EMP,PS,_Z,_T,Y_GE15,_Z,BTE,A,2022,1315.425,,A,3,0
OECD.SDD.TPS:DSD_ALFS@DF_SUMTAB(1.0),NLD,EMP,PS,_Z,_T,Y_GE15,_Z,BTE,A,2021,1267.9,,U,3,0
OECD.SDD.TPS:DSD_ALFS@DF_SUMTAB(1.0),NLD,EMP,PS,_Z,_T,Y_GE15,_Z,BTE,A,2020,1282.925,,B,3,0
OECD.SDD.TPS:DSD_ALFS@DF_SUMTAB(1.0),CRI,EMP,PS,_Z,_T,Y_GE15,_Z,BTE,A,2021,368.3507,,A,3,0
OECD.SDD.TPS:DSD_ALFS@DF_SUMTAB(1.0),CRI,EMP,PS,_Z,_T,Y_GE15,_Z,BTE,A,2022,415.739,,A,3,0
OECD.SDD.TPS:DSD_ALFS@DF_SUMTAB(1.0),CRI,EMP,PS,_Z,_T,Y_GE15,_Z,BTE,A,2023,430.2393,,A,3,0
OECD.SDD.TPS:DSD_ALFS@DF_SUMTAB(1.0),CRI,EMP,PS,_Z,_T,Y_GE15,_Z,BTE,A,2010,356.5185,,A,3,0
OECD.SDD.TPS:DSD_ALFS@DF_SUMTAB(1.0),CRI,EMP,PS,_Z,_T,Y_GE15,_Z,BTE,A,2011,350.4757,,A,3,0
OECD.SDD.TPS:DSD_ALFS@DF_SUMTAB(1.0),CRI,EMP,PS,_Z,_T,Y_GE15,_Z,BTE,A,2012,360.3515,,A,3,0
OECD.SDD.TPS:DSD_ALFS@DF_SUMTAB(1.0),CRI,EMP,PS,_Z,_T,Y_GE15,_Z,BTE,A,2013,333.2765,,A,3,0
OECD.SDD.TPS:DSD_ALFS@DF_SUMTAB(1.0),CRI,EMP,PS,_Z,_T,Y_GE15,_Z,BTE,A,2014,364.107,,A,3,0
OECD.SDD.TPS:DSD_ALFS@DF_SUMTAB(1.0),CRI,EMP,PS,_Z,_T,Y_GE15,_Z,BTE,A,2015,393.4063,,A,3,0
OECD.SDD.TPS:DSD_ALFS@DF_SUMTAB(1.0),CRI,EMP,PS,_Z,_T,Y_GE15,_Z,BTE,A,2016,370.5388,,A,3,0
OECD.SDD.TPS:DSD_ALFS@DF_SUMTAB(1.0),CRI,EMP,PS,_Z,_T,Y_GE15,_Z,BTE,A,2017,371.3065,,A,3,0
OECD.SDD.TPS:DSD_ALFS@DF_SUMTAB(1.0),AUT,EMP,PS,_Z,_T,Y_GE15,_Z,BTE,A,2000,1122.025,,A,3,0
OECD.SDD.TPS:DSD_ALFS@DF_SUMTAB(1.0),AUT,EMP,PS,_Z,_T,Y_GE15,_Z,BTE,A,2004,1035.725,,B,3,0
OECD.SDD.TPS:DSD_ALFS@DF_SUMTAB(1.0),AUT,EMP,PS,_Z,_T,Y_GE15,_Z,BTE,A,2006,1106.3,,B,3,0
OECD.SDD.TPS:DSD_ALFS@DF_SUMTAB(1.0),AUT,EMP,PS,_Z,_T,Y_GE15,_Z,BTE,A,2007,1098.45,,B,3,0
OECD.SDD.TPS:DSD_ALFS@DF_SUMTAB(1.0),AUT,EMP,PS,_Z,_T,Y_GE15,_Z,BTE,A,2001,1105.425,,A,3,0
OECD.SDD.TPS:DSD_ALFS@DF_SUMTAB(1.0),AUT,EMP,PS,_Z,_T,Y_GE15,_Z,BTE,A,2002,1088.075,,A,3,0
OECD.SDD.TPS:DSD_ALFS@DF_SUMTAB(1.0),AUT,EMP,PS,_Z,_T,Y_GE15,_Z,BTE,A,2018,1098.525,,A,3,0
OECD.SDD.TPS:DSD_ALFS@DF_SUMTAB(1.0),AUT,EMP,PS,_Z,_T,Y_GE15,_Z,BTE,A,2019,1104.25,,A,3,0
OECD.SDD.TPS:DSD_ALFS@DF_SUMTAB(1.0),AUT,EMP,PS,_Z,_T,Y_GE15,_Z,BTE,A,2005,1053.55,,A,3,0
OECD.SDD.TPS:DSD_ALFS@DF_SUMTAB(1.0),AUT,EMP,PS,_Z,_T,Y_GE15,_Z,BTE,A,2008,1047.875,,A,3,0
OECD.SDD.TPS:DSD_ALFS@DF_SUMTAB(1.0),AUT,EMP,PS,_Z,_T,Y_GE15,_Z,BTE,A,2009,994.375,,A,3,0
OECD.SDD.TPS:DSD_ALFS@DF_SUMTAB(1.0),AUT,EMP,PS,_Z,_T,Y_GE15,_Z,BTE,A,2010,1000.45,,A,3,0
OECD.SDD.TPS:DSD_ALFS@DF_SUMTAB(1.0),AUT,EMP,PS,_Z,_T,Y_GE15,_Z,BTE,A,2011,1054.75,,A,3,0
OECD.SDD.TPS:DSD_ALFS@DF_SUMTAB(1.0),AUT,EMP,PS,_Z,_T,Y_GE15,_Z,BTE,A,2012,1065.3,,A,3,0
OECD.SDD.TPS:DSD_ALFS@DF_SUMTAB(1.0),AUT,EMP,PS,_Z,_T,Y_GE15,_Z,BTE,A,2021,1103.475,,U,3,0
OECD.SDD.TPS:DSD_ALFS@DF_SUMTAB(1.0),AUT,EMP,PS,_Z,_T,Y_GE15,_Z,BTE,A,2022,1171.25,,U,3,0
OECD.SDD.TPS:DSD_ALFS@DF_SUMTAB(1.0),ISR,EMP,PS,_Z,_T,Y_GE15,_Z,BTE,A,2003,518.7,,A,3,0
OECD.SDD.TPS:DSD_ALFS@DF_SUMTAB(1.0),ISR,EMP,PS,_Z,_T,Y_GE15,_Z,BTE,A,2018,655.0677,,A,3,0
OECD.SDD.TPS:DSD_ALFS@DF_SUMTAB(1.0),ISR,EMP,PS,_Z,_T,Y_GE15,_Z,BTE,A,2013,608.95,,A,3,0
OECD.SDD.TPS:DSD_ALFS@DF_SUMTAB(1.0),ISR,EMP,PS,_Z,_T,Y_GE15,_Z,BTE,A,2014,622.0,,A,3,0
OECD.SDD.TPS:DSD_ALFS@DF_SUMTAB(1.0),ISR,EMP,PS,_Z,_T,Y_GE15,_Z,BTE,A,2015,633.92,,A,3,0
OECD.SDD.TPS:DSD_ALFS@DF_SUMTAB(1.0),ISR,EMP,PS,_Z,_T,Y_GE15,_Z,BTE,A,2016,645.25,,A,3,0
OECD.SDD.TPS:DSD_ALFS@DF_SUMTAB(1.0),ISR,EMP,PS,_Z,_T,Y_GE15,_Z,BTE,A,2017,653.79,,A,3,0
OECD.SDD.TPS:DSD_ALFS@DF_SUMTAB(1.0),ISR,EMP,PS,_Z,_T,Y_GE15,_Z,BTE,A,2000,527.19,,A,3,0
OECD.SDD.TPS:DSD_ALFS@DF_SUMTAB(1.0),ISR,EMP,PS,_Z,_T,Y_GE15,_Z,BTE,A,2019,639.9791,,A,3,0
OECD.SDD.TPS:DSD_ALFS@DF_SUMTAB(1.0),ISR,EMP,PS,_Z,_T,Y_GE15,_Z,BTE,A,2020,610.0964,,A,3,0
OECD.SDD.TPS:DSD_ALFS@DF_SUMTAB(1.0),ISR,EMP,PS,_Z,_T,Y_GE15,_Z,BTE,A,2021,623.0717,,A,3,0
OECD.SDD.TPS:DSD_ALFS@DF_SUMTAB(1.0),ISR,EMP,PS,_Z,_T,Y_GE15,_Z,BTE,A,2022,646.8342,,A,3,0
OECD.SDD.TPS:DSD_ALFS@DF_SUMTAB(1.0),ISR,EMP,PS,_Z,_T,Y_GE15,_Z,BTE,A,2023,658.2592,,A,3,0
OECD.SDD.TPS:DSD_ALFS@DF_SUMTAB(1.0),ISR,EMP,PS,_Z,_T,Y_GE15,_Z,BTE,A,2004,527.51,,A,3,0
OECD.SDD.TPS:DSD_ALFS@DF_SUMTAB(1.0),ISR,EMP,PS,_Z,_T,Y_GE15,_Z,BTE,A,2005,534.16,,A,3,0
OECD.SDD.TPS:DSD_ALFS@DF_SUMTAB(1.0),ISR,EMP,PS,_Z,_T,Y_GE15,_Z,BTE,A,2006,547.79,,A,3,0
OECD.SDD.TPS:DSD_ALFS@DF_SUMTAB(1.0),ISR,EMP,PS,_Z,_T,Y_GE15,_Z,BTE,A,2007,581.53,,A,3,0
OECD.SDD.TPS:DSD_ALFS@DF_SUMTAB(1.0),ISR,EMP,PS,_Z,_T,Y_GE15,_Z,BTE,A,2008,597.27,,A,3,0
OECD.SDD.TPS:DSD_ALFS@DF_SUMTAB(1.0),ISR,EMP,PS,_Z,_T,Y_GE15,_Z,BTE,A,2009,570.21,,A,3,0
OECD.SDD.TPS:DSD_ALFS@DF_SUMTAB(1.0),JPN,EMP,PS,_Z,_T,Y_GE15,_Z,BTE,A,2001,19554.17,,A,3,0
OECD.SDD.TPS:DSD_ALFS@DF_SUMTAB(1.0),CHL,EMP,PS,_Z,_T,Y_GE15,_Z,BTE,A,2020,1722.523,,A,3,0
OECD.SDD.TPS:DSD_ALFS@DF_SUMTAB(1.0),CHL,EMP,PS,_Z,_T,Y_GE15,_Z,BTE,A,2021,1906.386,,A,3,0
OECD.SDD.TPS:DSD_ALFS@DF_SUMTAB(1.0),CHL,EMP,PS,_Z,_T,Y_GE15,_Z,BTE,A,2015,1976.708,,A,3,0
OECD.SDD.TPS:DSD_ALFS@DF_SUMTAB(1.0),CHL,EMP,PS,_Z,_T,Y_GE15,_Z,BTE,A,2016,1930.099,,A,3,0
OECD.SDD.TPS:DSD_ALFS@DF_SUMTAB(1.0),CHL,EMP,PS,_Z,_T,Y_GE15,_Z,BTE,A,2017,1946.804,,A,3,0
OECD.SDD.TPS:DSD_ALFS@DF_SUMTAB(1.0),CHL,EMP,PS,_Z,_T,Y_GE15,_Z,BTE,A,2018,1961.253,,A,3,0
OECD.SDD.TPS:DSD_ALFS@DF_SUMTAB(1.0),CHL,EMP,PS,_Z,_T,Y_GE15,_Z,BTE,A,2019,1989.416,,A,3,0
OECD.SDD.TPS:DSD_ALFS@DF_SUMTAB(1.0),CHL,EMP,PS,_Z,_T,Y_GE15,_Z,BTE,A,2002,1349.052,,A,3,0
OECD.SDD.TPS:DSD_ALFS@DF_SUMTAB(1.0),CHL,EMP,PS,_Z,_T,Y_GE15,_Z,BTE,A,2022,2019.744,,A,3,0
OECD.SDD.TPS:DSD_ALFS@DF_SUMTAB(1.0),CHL,EMP,PS,_Z,_T,Y_GE15,_Z,BTE,A,2023,2001.522,,A,3,0
OECD.SDD.TPS:DSD_ALFS@DF_SUMTAB(1.0),CHL,EMP,PS,_Z,_T,Y_GE15,_Z,BTE,A,2000,1277.229,,A,3,0
OECD.SDD.TPS:DSD_ALFS@DF_SUMTAB(1.0),CHL,EMP,PS,_Z,_T,Y_GE15,_Z,BTE,A,2001,1310.549,,A,3,0
OECD.SDD.TPS:DSD_ALFS@DF_SUMTAB(1.0),CHL,EMP,PS,_Z,_T,Y_GE15,_Z,BTE,A,2006,1483.887,,A,3,0
OECD.SDD.TPS:DSD_ALFS@DF_SUMTAB(1.0),CHL,EMP,PS,_Z,_T,Y_GE15,_Z,BTE,A,2007,1532.839,,A,3,0
OECD.SDD.TPS:DSD_ALFS@DF_SUMTAB(1.0),CHL,EMP,PS,_Z,_T,Y_GE15,_Z,BTE,A,2008,1587.209,,A,3,0
OECD.SDD.TPS:DSD_ALFS@DF_SUMTAB(1.0),CHL,EMP,PS,_Z,_T,Y_GE15,_Z,BTE,A,2009,1531.528,,A,3,0
OECD.SDD.TPS:DSD_ALFS@DF_SUMTAB(1.0),CHL,EMP,PS,_Z,_T,Y_GE15,_Z,BTE,A,2010,1637.0,,A,3,0
OECD.SDD.TPS:DSD_ALFS@DF_SUMTAB(1.0),CHL,EMP,PS,_Z,_T,Y_GE15,_Z,BTE,A,2011,1750.075,,A,3,0
OECD.SDD.TPS:DSD_ALFS@DF_SUMTAB(1.0),CHL,EMP,PS,_Z,_T,Y_GE15,_Z,BTE,A,2012,1817.211,,A,3,0
OECD.SDD.TPS:DSD_ALFS@DF_SUMTAB(1.0),CHL,EMP,PS,_Z,_T,Y_GE15,_Z,BTE,A,2013,1940.199,,A,3,0
OECD.SDD.TPS:DSD_ALFS@DF_SUMTAB(1.0),CHL,EMP,PS,_Z,_T,Y_GE15,_Z,BTE,A,2014,1932.018,,A,3,0
OECD.SDD.TPS:DSD_ALFS@DF_SUMTAB(1.0),CHL,EMP,PS,_Z,_T,Y_GE15,_Z,BTE,A,2003,1389.954,,A,3,0
OECD.SDD.TPS:DSD_ALFS@DF_SUMTAB(1.0),CHL,EMP,PS,_Z,_T,Y_GE15,_Z,BTE,A,2004,1424.547,,A,3,0
OECD.SDD.TPS:DSD_ALFS@DF_SUMTAB(1.0),PRT,EMP,PS,_Z,_T,Y_GE15,_Z,BTE,A,2004,1596.0,,B,3,0
OECD.SDD.TPS:DSD_ALFS@DF_SUMTAB(1.0),PRT,EMP,PS,_Z,_T,Y_GE15,_Z,BTE,A,2010,1335.05,,B,3,0
OECD.SDD.TPS:DSD_ALFS@DF_SUMTAB(1.0),PRT,EMP,PS,_Z,_T,Y_GE15,_Z,BTE,A,2013,1049.65,,A,3,0
OECD.SDD.TPS:DSD_ALFS@DF_SUMTAB(1.0),PRT,EMP,PS,_Z,_T,Y_GE15,_Z,BTE,A,2014,1073.25,,A,3,0
OECD.SDD.TPS:DSD_ALFS@DF_SUMTAB(1.0),PRT,EMP,PS,_Z,_T,Y_GE15,_Z,BTE,A,2015,1107.3,,A,3,0
OECD.SDD.TPS:DSD_ALFS@DF_SUMTAB(1.0),PRT,EMP,PS,_Z,_T,Y_GE15,_Z,BTE,A,2016,1128.225,,A,3,0
OECD.SDD.TPS:DSD_ALFS@DF_SUMTAB(1.0),PRT,EMP,PS,_Z,_T,Y_GE15,_Z,BTE,A,2017,1176.825,,A,3,0
OECD.SDD.TPS:DSD_ALFS@DF_SUMTAB(1.0),PRT,EMP,PS,_Z,_T,Y_GE15,_Z,BTE,A,2000,1733.5,,A,3,0
OECD.SDD.TPS:DSD_ALFS@DF_SUMTAB(1.0),PRT,EMP,PS,_Z,_T,Y_GE15,_Z,BTE,A,2001,1728.8,,B,3,0
OECD.SDD.TPS:DSD_ALFS@DF_SUMTAB(1.0),PRT,EMP,PS,_Z,_T,Y_GE15,_Z,BTE,A,2002,1727.725,,A,3,0
OECD.SDD.TPS:DSD_ALFS@DF_SUMTAB(1.0),PRT,EMP,PS,_Z,_T,Y_GE15,_Z,BTE,A,2003,1652.825,,A,3,0
OECD.SDD.TPS:DSD_ALFS@DF_SUMTAB(1.0),PRT,EMP,PS,_Z,_T,Y_GE15,_Z,BTE,A,2018,1209.175,,A,3,0
OECD.SDD.TPS:DSD_ALFS@DF_SUMTAB(1.0),PRT,EMP,PS,_Z,_T,Y_GE15,_Z,BTE,A,2019,1212.375,,A,3,0
OECD.SDD.TPS:DSD_ALFS@DF_SUMTAB(1.0),PRT,EMP,PS,_Z,_T,Y_GE15,_Z,BTE,A,2023,1261.775,,A,3,0
OECD.SDD.TPS:DSD_ALFS@DF_SUMTAB(1.0),PRT,EMP,PS,_Z,_T,Y_GE15,_Z,BTE,A,2005,1566.575,,A,3,0
OECD.SDD.TPS:DSD_ALFS@DF_SUMTAB(1.0),PRT,EMP,PS,_Z,_T,Y_GE15,_Z,BTE,A,2006,1577.175,,A,3,0
OECD.SDD.TPS:DSD_ALFS@DF_SUMTAB(1.0),PRT,EMP,PS,_Z,_T,Y_GE15,_Z,BTE,A,2007,1577.8,,A,3,0
OECD.SDD.TPS:DSD_ALFS@DF_SUMTAB(1.0),PRT,EMP,PS,_Z,_T,Y_GE15,_Z,BTE,A,2008,1483.425,,A,3,0
OECD.SDD.TPS:DSD_ALFS@DF_SUMTAB(1.0),PRT,EMP,PS,_Z,_T,Y_GE15,_Z,BTE,A,2009,1381.525,,A,3,0
OECD.SDD.TPS:DSD_ALFS@DF_SUMTAB(1.0),PRT,EMP,PS,_Z,_T,Y_GE15,_Z,BTE,A,2011,1272.9,,A,3,0
OECD.SDD.TPS:DSD_ALFS@DF_SUMTAB(1.0),PRT,EMP,PS,_Z,_T,Y_GE15,_Z,BTE,A,2012,1143.525,,A,3,0
OECD.SDD.TPS:DSD_ALFS@DF_SUMTAB(1.0),PRT,EMP,PS,_Z,_T,Y_GE15,_Z,BTE,A,2021,1200.55,,U,3,0
OECD.SDD.TPS:DSD_ALFS@DF_SUMTAB(1.0),PRT,EMP,PS,_Z,_T,Y_GE15,_Z,BTE,A,2022,1238.475,,U,3,0
OECD.SDD.TPS:DSD_ALFS@DF_SUMTAB(1.0),EST,EMP,PS,_Z,_T,Y_GE15,_Z,BTE,A,2023,187.125,,U,3,0
OECD.SDD.TPS:DSD_ALFS@DF_SUMTAB(1.0),ITA,EMP,PS,_Z,_T,Y_GE15,_Z,BTE,A,2004,6868.325,,B,3,0
OECD.SDD.TPS:DSD_ALFS@DF_SUMTAB(1.0),SWE,EMP,PS,_Z,_T,Y_GE15,_Z,BTE,A,2004,961.375,,B,3,0
OECD.SDD.TPS:DSD_ALFS@DF_SUMTAB(1.0),FRA,EMP,PS,_Z,_T,Y_GE15,_Z,BTE,A,2019,5451.225,,A,3,0
OECD.SDD.TPS:DSD_ALFS@DF_SUMTAB(1.0),DNK,EMP,PS,_Z,_T,Y_GE15,_Z,BTE,A,2023,577.5,,U,3,0
OECD.SDD.TPS:DSD_ALFS@DF_SUMTAB(1.0),LTU,EMP,PS,_Z,_T,Y_GE15,_Z,BTE,A,2009,355.775,,E,3,0
OECD.SDD.TPS:DSD_ALFS@DF_SUMTAB(1.0),AUS,EMP,PS,_Z,_T,Y_GE15,_Z,BTE,A,2017,2459.426,,A,3,0
OECD.SDD.TPS:DSD_ALFS@DF_SUMTAB(1.0),USA,EMP,PS,_Z,_T,Y_GE15,_Z,BTE,A,2002,27716.33,,A,3,0
OECD.SDD.TPS:DSD_ALFS@DF_SUMTAB(1.0),SVK,EMP,PS,_Z,_T,Y_GE15,_Z,BTE,A,2023,905.025,,U,3,0
OECD.SDD.TPS:DSD_ALFS@DF_SUMTAB(1.0),ISL,EMP,PS,_Z,_T,Y_GE15,_Z,BTE,A,2008,37.975,,A,3,0
OECD.SDD.TPS:DSD_ALFS@DF_SUMTAB(1.0),COL,EMP,PS,_Z,_T,Y_GE15,_Z,BTE,A,2001,3072.514,,A,3,0
OECD.SDD.TPS:DSD_ALFS@DF_SUMTAB(1.0),CHE,EMP,PS,_Z,_T,Y_GE15,_Z,BTE,A,2005,887.8,,A,3,0
OECD.SDD.TPS:DSD_ALFS@DF_SUMTAB(1.0),NOR,EMP,PS,_Z,_T,Y_GE15,_Z,BTE,A,2005,475.775,,B,3,0
OECD.SDD.TPS:DSD_ALFS@DF_SUMTAB(1.0),SVN,EMP,PS,_Z,_T,Y_GE15,_Z,BTE,A,2023,315.3,,U,3,0
OECD.SDD.TPS:DSD_ALFS@DF_SUMTAB(1.0),FIN,EMP,PS,_Z,_T,Y_GE15,_Z,BTE,A,2004,606.45,,B,3,0
OECD.SDD.TPS:DSD_ALFS@DF_SUMTAB(1.0),GRC,EMP,PS,_Z,_T,Y_GE15,_Z,BTE,A,2004,967.225,,B,3,0
OECD.SDD.TPS:DSD_ALFS@DF_SUMTAB(1.0),EA19,EMP,PS,_Z,_T,Y_GE15,_Z,BTE,A,2007,39471.95,,B,3,0
OECD.SDD.TPS:DSD_ALFS@DF_SUMTAB(1.0),LUX,EMP,PS,_Z,_T,Y_GE15,_Z,BTE,A,2003,36.0,,A,3,0
OECD.SDD.TPS:DSD_ALFS@DF_SUMTAB(1.0),CAN,EMP,PS,_Z,_T,Y_GE15,_Z,BTE,A,2021,3595.767,,A,3,0
OECD.SDD.TPS:DSD_ALFS@DF_SUMTAB(1.0),IRL,EMP,PS,_Z,_T,Y_GE15,_Z,BTE,A,2023,490.7,,U,3,0
OECD.SDD.TPS:DSD_ALFS@DF_SUMTAB(1.0),CZE,EMP,PS,_Z,_T,Y_GE15,_Z,BTE,A,2007,1979.25,,B,3,0
OECD.SDD.TPS:DSD_ALFS@DF_SUMTAB(1.0),DEU,EMP,PS,_Z,_T,Y_GE15,_Z,BTE,A,2022,11410.95,,U,3,0
OECD.SDD.TPS:DSD_ALFS@DF_SUMTAB(1.0),RUS,EMP,PS,_Z,_T,Y_GE15,_Z,BTE,A,2007,20398.6,,A,3,0
OECD.SDD.TPS:DSD_ALFS@DF_SUMTAB(1.0),MEX,EMP,PS,_Z,_T,Y_GE15,_Z,BTE,A,2005,10760.54,,A,3,0
OECD.SDD.TPS:DSD_ALFS@DF_SUMTAB(1.0),EU27_2020,EMP,PS,_Z,_T,Y_GE15,_Z,BTE,A,2002,58688.5,,A,3,0
OECD.SDD.TPS:DSD_ALFS@DF_SUMTAB(1.0),BEL,EMP,PS,_Z,_T,Y_GE15,_Z,BTE,A,2019,1008.6,,E,3,0
OECD.SDD.TPS:DSD_ALFS@DF_SUMTAB(1.0),HUN,EMP,PS,_Z,_T,Y_GE15,_Z,BTE,A,2005,1267.025,,B,3,0
OECD.SDD.TPS:DSD_ALFS@DF_SUMTAB(1.0),AUT,EMP,PS,_Z,_T,Y_GE15,_Z,BTE,A,2023,1153.05,,U,3,0
OECD.SDD.TPS:DSD_ALFS@DF_SUMTAB(1.0),ISR,EMP,PS,_Z,_T,Y_GE15,_Z,BTE,A,2002,507.86,,A,3,0
OECD.SDD.TPS:DSD_ALFS@DF_SUMTAB(1.0),NZL,EMP,PS,_Z,_T,Y_GE15,_Z,BTE,A,2015,513.65,,A,3,0
OECD.SDD.TPS:DSD_ALFS@DF_SUMTAB(1.0),TUR,EMP,PS,_Z,_T,Y_GE15,_Z,BTE,A,2015,7246.425,,A,3,0
OECD.SDD.TPS:DSD_ALFS@DF_SUMTAB(1.0),GBR,EMP,PS,_Z,_T,Y_GE15,_Z,BTE,A,2023,5247.75,,A,3,0
OECD.SDD.TPS:DSD_ALFS@DF_SUMTAB(1.0),GBR,EMP,PS,_Z,_T,Y_GE15,_Z,BTE,A,2004,6105.405,,A,3,0
OECD.SDD.TPS:DSD_ALFS@DF_SUMTAB(1.0),GBR,EMP,PS,_Z,_T,Y_GE15,_Z,BTE,A,2005,6121.463,,A,3,0
OECD.SDD.TPS:DSD_ALFS@DF_SUMTAB(1.0),GBR,EMP,PS,_Z,_T,Y_GE15,_Z,BTE,A,2006,6165.615,,A,3,0
OECD.SDD.TPS:DSD_ALFS@DF_SUMTAB(1.0),GBR,EMP,PS,_Z,_T,Y_GE15,_Z,BTE,A,2007,6247.875,,A,3,0
OECD.SDD.TPS:DSD_ALFS@DF_SUMTAB(1.0),GBR,EMP,PS,_Z,_T,Y_GE15,_Z,BTE,A,2008,6086.5,,A,3,0
OECD.SDD.TPS:DSD_ALFS@DF_SUMTAB(1.0),GBR,EMP,PS,_Z,_T,Y_GE15,_Z,BTE,A,2009,5670.0,,A,3,0
OECD.SDD.TPS:DSD_ALFS@DF_SUMTAB(1.0),GBR,EMP,PS,_Z,_T,Y_GE15,_Z,BTE,A,2010,5566.25,,A,3,0
OECD.SDD.TPS:DSD_ALFS@DF_SUMTAB(1.0),GBR,EMP,PS,_Z,_T,Y_GE15,_Z,BTE,A,2011,5584.0,,A,3,0
OECD.SDD.TPS:DSD_ALFS@DF_SUMTAB(1.0),GBR,EMP,PS,_Z,_T,Y_GE15,_Z,BTE,A,2012,5598.0,,A,3,0
OECD.SDD.TPS:DSD_ALFS@DF_SUMTAB(1.0),GBR,EMP,PS,_Z,_T,Y_GE15,_Z,BTE,A,2001,6444.9,,A,3,0
OECD.SDD.TPS:DSD_ALFS@DF_SUMTAB(1.0),GBR,EMP,PS,_Z,_T,Y_GE15,_Z,BTE,A,2002,6362.87,,A,3,0
OECD.SDD.TPS:DSD_ALFS@DF_SUMTAB(1.0),POL,EMP,PS,_Z,_T,Y_GE15,_Z,BTE,A,2023,5098.35,,A,3,0
OECD.SDD.TPS:DSD_ALFS@DF_SUMTAB(1.0),POL,EMP,PS,_Z,_T,Y_GE15,_Z,BTE,A,2000,4481.0,,A,3,0
OECD.SDD.TPS:DSD_ALFS@DF_SUMTAB(1.0),POL,EMP,PS,_Z,_T,Y_GE15,_Z,BTE,A,2011,4771.775,,A,3,0
OECD.SDD.TPS:DSD_ALFS@DF_SUMTAB(1.0),POL,EMP,PS,_Z,_T,Y_GE15,_Z,BTE,A,2012,4739.925,,A,3,0
OECD.SDD.TPS:DSD_ALFS@DF_SUMTAB(1.0),POL,EMP,PS,_Z,_T,Y_GE15,_Z,BTE,A,2013,4751.975,,A,3,0
OECD.SDD.TPS:DSD_ALFS@DF_SUMTAB(1.0),POL,EMP,PS,_Z,_T,Y_GE15,_Z,BTE,A,2014,4836.125,,A,3,0
OECD.SDD.TPS:DSD_ALFS@DF_SUMTAB(1.0),POL,EMP,PS,_Z,_T,Y_GE15,_Z,BTE,A,2015,4896.3,,A,3,0
OECD.SDD.TPS:DSD_ALFS@DF_SUMTAB(1.0),POL,EMP,PS,_Z,_T,Y_GE15,_Z,BTE,A,2022,5266.975,,A,3,0
OECD.SDD.TPS:DSD_ALFS@DF_SUMTAB(1.0),POL,EMP,PS,_Z,_T,Y_GE15,_Z,BTE,A,2001,4331.35,,A,3,0
OECD.SDD.TPS:DSD_ALFS@DF_SUMTAB(1.0),POL,EMP,PS,_Z,_T,Y_GE15,_Z,BTE,A,2016,5074.15,,A,3,0
OECD.SDD.TPS:DSD_ALFS@DF_SUMTAB(1.0),POL,EMP,PS,_Z,_T,Y_GE15,_Z,BTE,A,2017,5180.35,,A,3,0
OECD.SDD.TPS:DSD_ALFS@DF_SUMTAB(1.0),POL,EMP,PS,_Z,_T,Y_GE15,_Z,BTE,A,2018,5218.875,,A,3,0
OECD.SDD.TPS:DSD_ALFS@DF_SUMTAB(1.0),POL,EMP,PS,_Z,_T,Y_GE15,_Z,BTE,A,2019,5379.025,,A,3,0
OECD.SDD.TPS:DSD_ALFS@DF_SUMTAB(1.0),POL,EMP,PS,_Z,_T,Y_GE15,_Z,BTE,A,2021,5252.0,,A,3,0
OECD.SDD.TPS:DSD_ALFS@DF_SUMTAB(1.0),POL,EMP,PS,_Z,_T,Y_GE15,_Z,BTE,A,2002,3947.025,,A,3,0
OECD.SDD.TPS:DSD_ALFS@DF_SUMTAB(1.0),POL,EMP,PS,_Z,_T,Y_GE15,_Z,BTE,A,2003,3892.25,,A,3,0
OECD.SDD.TPS:DSD_ALFS@DF_SUMTAB(1.0),POL,EMP,PS,_Z,_T,Y_GE15,_Z,BTE,A,2005,4127.1,,A,3,0
OECD.SDD.TPS:DSD_ALFS@DF_SUMTAB(1.0),POL,EMP,PS,_Z,_T,Y_GE15,_Z,BTE,A,2006,4373.775,,A,3,0
OECD.SDD.TPS:DSD_ALFS@DF_SUMTAB(1.0),POL,EMP,PS,_Z,_T,Y_GE15,_Z,BTE,A,2007,4681.3,,A,3,0
OECD.SDD.TPS:DSD_ALFS@DF_SUMTAB(1.0),POL,EMP,PS,_Z,_T,Y_GE15,_Z,BTE,A,2008,5035.8,,A,3,0
OECD.SDD.TPS:DSD_ALFS@DF_SUMTAB(1.0),POL,EMP,PS,_Z,_T,Y_GE15,_Z,BTE,A,2010,4685.525,,A,3,0
OECD.SDD.TPS:DSD_ALFS@DF_SUMTAB(1.0),POL,EMP,PS,_Z,_T,Y_GE15,_Z,BTE,A,2020,5322.075,,B,3,0
OECD.SDD.TPS:DSD_ALFS@DF_SUMTAB(1.0),POL,EMP,PS,_Z,_T,Y_GE15,_Z,BTE,A,2004,3975.825,,B,3,0
OECD.SDD.TPS:DSD_ALFS@DF_SUMTAB(1.0),KOR,EMP,PS,_Z,_T,Y_GE15,_Z,BTE,A,2002,6078.125,,A,3,0
OECD.SDD.TPS:DSD_ALFS@DF_SUMTAB(1.0),KOR,EMP,PS,_Z,_T,Y_GE15,_Z,BTE,A,2003,6132.65,,A,3,0
OECD.SDD.TPS:DSD_ALFS@DF_SUMTAB(1.0),KOR,EMP,PS,_Z,_T,Y_GE15,_Z,BTE,A,2013,6269.258,,A,3,0
OECD.SDD.TPS:DSD_ALFS@DF_SUMTAB(1.0),KOR,EMP,PS,_Z,_T,Y_GE15,_Z,BTE,A,2014,6474.367,,A,3,0
OECD.SDD.TPS:DSD_ALFS@DF_SUMTAB(1.0),KOR,EMP,PS,_Z,_T,Y_GE15,_Z,BTE,A,2015,6656.017,,A,3,0
OECD.SDD.TPS:DSD_ALFS@DF_SUMTAB(1.0),KOR,EMP,PS,_Z,_T,Y_GE15,_Z,BTE,A,2016,6660.792,,A,3,0
OECD.SDD.TPS:DSD_ALFS@DF_SUMTAB(1.0),GBR,EMP,PS,_Z,_T,Y_GE15,_Z,BTE,A,2003,6162.923,,A,3,0
OECD.SDD.TPS:DSD_ALFS@DF_SUMTAB(1.0),POL,EMP,PS,_Z,_T,Y_GE15,_Z,BTE,A,2009,4934.175,,B,3,0
OECD.SDD.TPS:DSD_ALFS@DF_SUMTAB(1.0),KOR,EMP,PS,_Z,_T,Y_GE15,_Z,BTE,A,2001,5939.475,,A,3,0
OECD.SDD.TPS:DSD_ALFS@DF_SUMTAB(1.0),BRA,EMP,PS,_Z,_T,Y_GE15,_Z,BTE,A,2008,21000.52,,A,3,0
OECD.SDD.TPS:DSD_ALFS@DF_SUMTAB(1.0),OECD,EMP,PS,_Z,_T,Y_GE15,_Z,BTE,A,2019,138419.9,,E,3,0
OECD.SDD.TPS:DSD_ALFS@DF_SUMTAB(1.0),NLD,EMP,PS,_Z,_T,Y_GE15,_Z,BTE,A,2004,1572.9,,B,3,0
OECD.SDD.TPS:DSD_ALFS@DF_SUMTAB(1.0),CRI,EMP,PS,_Z,_T,Y_GE15,_Z,BTE,A,2020,356.7597,,A,3,0
OECD.SDD.TPS:DSD_ALFS@DF_SUMTAB(1.0),ESP,EMP,PS,_Z,_T,Y_GE15,_Z,BTE,A,2002,5170.875,,A,3,0
OECD.SDD.TPS:DSD_ALFS@DF_SUMTAB(1.0),JPN,EMP,PS,_Z,_T,Y_GE15,_Z,BTE,A,2002,18789.17,,A,3,0
OECD.SDD.TPS:DSD_ALFS@DF_SUMTAB(1.0),CHL,EMP,PS,_Z,_T,Y_GE15,_Z,BTE,A,2005,1438.826,,A,3,0
OECD.SDD.TPS:DSD_ALFS@DF_SUMTAB(1.0),PRT,EMP,PS,_Z,_T,Y_GE15,_Z,BTE,A,2020,1192.625,,B,3,0
OECD.SDD.TPS:DSD_ALFS@DF_SUMTAB(1.0),CRI,EMP,PS,_Z,_T,Y_GE15,_Z,BTE,A,2018,405.1995,,A,3,0
OECD.SDD.TPS:DSD_ALFS@DF_SUMTAB(1.0),CRI,EMP,PS,_Z,_T,Y_GE15,_Z,BTE,A,2019,402.2555,,A,3,0
OECD.SDD.TPS:DSD_ALFS@DF_SUMTAB(1.0),ESP,EMP,PS,_Z,_T,Y_GE15,_Z,BTE,A,2003,5302.425,,A,3,0
OECD.SDD.TPS:DSD_ALFS@DF_SUMTAB(1.0),ESP,EMP,PS,_Z,_T,Y_GE15,_Z,BTE,A,2019,4040.875,,A,3,0
OECD.SDD.TPS:DSD_ALFS@DF_SUMTAB(1.0),ESP,EMP,PS,_Z,_T,Y_GE15,_Z,BTE,A,2014,3373.425,,A,3,0
OECD.SDD.TPS:DSD_ALFS@DF_SUMTAB(1.0),ESP,EMP,PS,_Z,_T,Y_GE15,_Z,BTE,A,2015,3555.9,,A,3,0
OECD.SDD.TPS:DSD_ALFS@DF_SUMTAB(1.0),ESP,EMP,PS,_Z,_T,Y_GE15,_Z,BTE,A,2016,3595.9,,A,3,0
OECD.SDD.TPS:DSD_ALFS@DF_SUMTAB(1.0),ESP,EMP,PS,_Z,_T,Y_GE15,_Z,BTE,A,2017,3775.675,,A,3,0
OECD.SDD.TPS:DSD_ALFS@DF_SUMTAB(1.0),ESP,EMP,PS,_Z,_T,Y_GE15,_Z,BTE,A,2018,3930.075,,A,3,0
OECD.SDD.TPS:DSD_ALFS@DF_SUMTAB(1.0),ESP,EMP,PS,_Z,_T,Y_GE15,_Z,BTE,A,2001,5052.925,,A,3,0
OECD.SDD.TPS:DSD_ALFS@DF_SUMTAB(1.0),ESP,EMP,PS,_Z,_T,Y_GE15,_Z,BTE,A,2020,3942.2,,A,3,0
OECD.SDD.TPS:DSD_ALFS@DF_SUMTAB(1.0),ESP,EMP,PS,_Z,_T,Y_GE15,_Z,BTE,A,2021,4025.8,,A,3,0
OECD.SDD.TPS:DSD_ALFS@DF_SUMTAB(1.0),ESP,EMP,PS,_Z,_T,Y_GE15,_Z,BTE,A,2022,4134.1,,A,3,0
OECD.SDD.TPS:DSD_ALFS@DF_SUMTAB(1.0),ESP,EMP,PS,_Z,_T,Y_GE15,_Z,BTE,A,2023,4212.425,,A,3,0
OECD.SDD.TPS:DSD_ALFS@DF_SUMTAB(1.0),ESP,EMP,PS,_Z,_T,Y_GE15,_Z,BTE,A,2005,5637.125,,A,3,0
OECD.SDD.TPS:DSD_ALFS@DF_SUMTAB(1.0),ESP,EMP,PS,_Z,_T,Y_GE15,_Z,BTE,A,2006,5835.025,,A,3,0
OECD.SDD.TPS:DSD_ALFS@DF_SUMTAB(1.0),ESP,EMP,PS,_Z,_T,Y_GE15,_Z,BTE,A,2007,5959.15,,A,3,0
OECD.SDD.TPS:DSD_ALFS@DF_SUMTAB(1.0),ESP,EMP,PS,_Z,_T,Y_GE15,_Z,BTE,A,2008,5696.55,,A,3,0
OECD.SDD.TPS:DSD_ALFS@DF_SUMTAB(1.0),ESP,EMP,PS,_Z,_T,Y_GE15,_Z,BTE,A,2009,4697.425,,A,3,0
OECD.SDD.TPS:DSD_ALFS@DF_SUMTAB(1.0),ESP,EMP,PS,_Z,_T,Y_GE15,_Z,BTE,A,2010,4301.8,,A,3,0
OECD.SDD.TPS:DSD_ALFS@DF_SUMTAB(1.0),ESP,EMP,PS,_Z,_T,Y_GE15,_Z,BTE,A,2011,4008.575,,A,3,0
OECD.SDD.TPS:DSD_ALFS@DF_SUMTAB(1.0),ESP,EMP,PS,_Z,_T,Y_GE15,_Z,BTE,A,2012,3645.075,,A,3,0
OECD.SDD.TPS:DSD_ALFS@DF_SUMTAB(1.0),ESP,EMP,PS,_Z,_T,Y_GE15,_Z,BTE,A,2013,3384.95,,A,3,0
OECD.SDD.TPS:DSD_ALFS@DF_SUMTAB(1.0),ESP,EMP,PS,_Z,_T,Y_GE15,_Z,BTE,A,2004,5464.125,,B,3,0
OECD.SDD.TPS:DSD_ALFS@DF_SUMTAB(1.0),ESP,EMP,PS,_Z,_T,Y_GE15,_Z,BTE,A,2000,4805.175,,B,3,0
OECD.SDD.TPS:DSD_ALFS@DF_SUMTAB(1.0),JPN,EMP,PS,_Z,_T,Y_GE15,_Z,BTE,A,2003,18190.83,,A,3,0
OECD.SDD.TPS:DSD_ALFS@DF_SUMTAB(1.0),JPN,EMP,PS,_Z,_T,Y_GE15,_Z,BTE,A,2018,15950.83,,A,3,0
OECD.SDD.TPS:DSD_ALFS@DF_SUMTAB(1.0),JPN,EMP,PS,_Z,_T,Y_GE15,_Z,BTE,A,2013,15721.67,,A,3,0
OECD.SDD.TPS:DSD_ALFS@DF_SUMTAB(1.0),JPN,EMP,PS,_Z,_T,Y_GE15,_Z,BTE,A,2014,15793.33,,A,3,0
OECD.SDD.TPS:DSD_ALFS@DF_SUMTAB(1.0),JPN,EMP,PS,_Z,_T,Y_GE15,_Z,BTE,A,2015,15695.83,,A,3,0
OECD.SDD.TPS:DSD_ALFS@DF_SUMTAB(1.0),JPN,EMP,PS,_Z,_T,Y_GE15,_Z,BTE,A,2016,15681.67,,A,3,0
OECD.SDD.TPS:DSD_ALFS@DF_SUMTAB(1.0),JPN,EMP,PS,_Z,_T,Y_GE15,_Z,BTE,A,2017,15833.33,,A,3,0
OECD.SDD.TPS:DSD_ALFS@DF_SUMTAB(1.0),JPN,EMP,PS,_Z,_T,Y_GE15,_Z,BTE,A,2000,20138.33,,A,3,0
OECD.SDD.TPS:DSD_ALFS@DF_SUMTAB(1.0),JPN,EMP,PS,_Z,_T,Y_GE15,_Z,BTE,A,2019,15939.17,,A,3,0
OECD.SDD.TPS:DSD_ALFS@DF_SUMTAB(1.0),JPN,EMP,PS,_Z,_T,Y_GE15,_Z,BTE,A,2020,15737.5,,A,3,0
OECD.SDD.TPS:DSD_ALFS@DF_SUMTAB(1.0),JPN,EMP,PS,_Z,_T,Y_GE15,_Z,BTE,A,2021,15586.67,,A,3,0
OECD.SDD.TPS:DSD_ALFS@DF_SUMTAB(1.0),JPN,EMP,PS,_Z,_T,Y_GE15,_Z,BTE,A,2022,15573.33,,A,3,0
OECD.SDD.TPS:DSD_ALFS@DF_SUMTAB(1.0),JPN,EMP,PS,_Z,_T,Y_GE15,_Z,BTE,A,2023,15707.5,,A,3,0
OECD.SDD.TPS:DSD_ALFS@DF_SUMTAB(1.0),JPN,EMP,PS,_Z,_T,Y_GE15,_Z,BTE,A,2004,17695.0,,A,3,0
OECD.SDD.TPS:DSD_ALFS@DF_SUMTAB(1.0),JPN,EMP,PS,_Z,_T,Y_GE15,_Z,BTE,A,2005,17493.33,,A,3,0
OECD.SDD.TPS:DSD_ALFS@DF_SUMTAB(1.0),JPN,EMP,PS,_Z,_T,Y_GE15,_Z,BTE,A,2006,17585.83,,A,3,0
OECD.SDD.TPS:DSD_ALFS@DF_SUMTAB(1.0),JPN,EMP,PS,_Z,_T,Y_GE15,_Z,BTE,A,2007,17535.0,,A,3,0
OECD.SDD.TPS:DSD_ALFS@DF_SUMTAB(1.0),JPN,EMP,PS,_Z,_T,Y_GE15,_Z,BTE,A,2008,17159.17,,A,3,0
OECD.SDD.TPS:DSD_ALFS@DF_SUMTAB(1.0),JPN,EMP,PS,_Z,_T,Y_GE15,_Z,BTE,A,2009,16268.33,,A,3,0
OECD.SDD.TPS:DSD_ALFS@DF_SUMTAB(1.0),JPN,EMP,PS,_Z,_T,Y_GE15,_Z,BTE,A,2010,15839.17,,A,3,0
